country,ISO_A3,year,PPP
Aruba,ABW,2013,3793.91
Afghanistan,AFG,2013,67458.86
Angola,AGO,2013,197839.28
Albania,ALB,2013,30602.34
Andorra,AND,2013,3429.54
United Arab Emirates,ARE,2013,657868.03
Argentina,ARG,2013,848625.3
Armenia,ARM,2013,28572.64
American Samoa,ASM,2013,
Antigua and Barbuda,ATG,2013,1916.22
Australia,AUS,2013,1062414.87
Austria,AUT,2013,406370.49
Azerbaijan,AZE,2013,162604.72
Burundi,BDI,2013,7175.65
Belgium,BEL,2013,487343.8
Benin,BEN,2013,26896.88
Burkina Faso,BFA,2013,29071.65
Bangladesh,BGD,2013,577776.46
Bulgaria,BGR,2013,120953.32
Bahrain,BHR,2013,67888.99
"Bahamas, The",BHS,2013,11416.92
Bosnia and Herzegovina,BIH,2013,39025.22
Belarus,BLR,2013,179553.71
Belize,BLZ,2013,3232.8
Bermuda,BMU,2013,4546.79
Bolivia,BOL,2013,70394.88
Brazil,BRA,2013,3120542.01
Barbados,BRB,2013,4376.63
Brunei Darussalam,BRN,2013,34227.61
Bhutan,BTN,2013,6187.13
Botswana,BWA,2013,28559.22
Canada,CAN,2013,1554125.0
Central Europe and the Baltics,CEB,2013,2474946.03
Switzerland,CHE,2013,498760.49
Channel Islands,CHI,2013,
Chile,CHL,2013,392670.39
China,CHN,2013,16374803.44
Cote d'Ivoire,CIV,2013,86638.47
Cameroon,CMR,2013,69319.48
"Congo, Dem. Rep.",COD,2013,53995.32
"Congo, Rep.",COG,2013,28335.65
Colombia,COL,2013,589812.01
Comoros,COM,2013,1971.99
Cabo Verde,CPV,2013,3261.48
Costa Rica,CRI,2013,71836.71
Caribbean small states,CSS,2013,45380.48
Cuba,CUB,2013,
Curacao,CUW,2013,3818.14
Cayman Islands,CYM,2013,3733.29
Cyprus,CYP,2013,26246.15
Czechia,CZE,2013,324029.97
Germany,DEU,2013,3628559.7
Djibouti,DJI,2013,3702.24
Dominica,DMA,2013,718.97
Denmark,DNK,2013,262368.11
Dominican Republic,DOM,2013,126801.72
Algeria,DZA,2013,552043.16
East Asia & Pacific (excluding high income),EAP,2013,22311379.68
Early-demographic dividend,EAR,2013,24610552.42
East Asia & Pacific,EAS,2013,32284049.84
Europe & Central Asia (excluding high income),ECA,2013,3590055.51
Europe & Central Asia,ECS,2013,26742061.91
Ecuador,ECU,2013,178551.2
"Egypt, Arab Rep.",EGY,2013,1002088.46
Euro area,EMU,2013,13245596.21
Eritrea,ERI,2013,
Spain,ESP,2013,1512562.24
Estonia,EST,2013,36198.15
Ethiopia,ETH,2013,123330.86
European Union,EUU,2013,15958753.47
Fragile and conflict affected situations,FCS,2013,3859448.98
Finland,FIN,2013,225680.04
Fiji,FJI,2013,8253.36
France,FRA,2013,2608522.47
Faroe Islands,FRO,2013,2399.25
"Micronesia, Fed. Sts.",FSM,2013,346.68
Gabon,GAB,2013,27735.51
United Kingdom,GBR,2013,2562195.07
Georgia,GEO,2013,40140.93
Ghana,GHA,2013,142807.2
Gibraltar,GIB,2013,
Guinea,GIN,2013,20615.46
"Gambia, The",GMB,2013,4221.82
Guinea-Bissau,GNB,2013,2401.2
Equatorial Guinea,GNQ,2013,37572.29
Greece,GRC,2013,284949.1
Grenada,GRD,2013,1270.99
Greenland,GRL,2013,2987.59
Guatemala,GTM,2013,118481.71
Guam,GUM,2013,
Guyana,GUY,2013,8400.15
High income,HIC,2013,55787057.7
"Hong Kong SAR, China",HKG,2013,384196.2
Honduras,HND,2013,36777.85
Heavily indebted poor countries (HIPC),HPC,2013,1491477.73
Croatia,HRV,2013,94553.53
Haiti,HTI,2013,31101.51
Hungary,HUN,2013,242855.18
IBRD only,IBD,2013,51015061.64
IDA & IBRD total,IBT,2013,56000841.37
IDA total,IDA,2013,4993548.93
IDA blend,IDB,2013,2303010.91
Indonesia,IDN,2013,2524244.79
IDA only,IDX,2013,2695547.41
Isle of Man,IMN,2013,
India,IND,2013,6497743.44
Not classified,INX,2013,
Ireland,IRL,2013,221005.23
"Iran, Islamic Rep.",IRN,2013,1250610.25
Iraq,IRQ,2013,517535.38
Iceland,ISL,2013,14378.25
Israel,ISR,2013,279990.27
Italy,ITA,2013,2187377.58
Jamaica,JAM,2013,24023.89
Jordan,JOR,2013,78452.38
Japan,JPN,2013,5021591.09
Kazakhstan,KAZ,2013,417039.5
Kenya,KEN,2013,139746.7
Kyrgyz Republic,KGZ,2013,23114.16
Cambodia,KHM,2013,45380.36
Kiribati,KIR,2013,232.64
St. Kitts and Nevis,KNA,2013,1159.51
"Korea, Rep.",KOR,2013,1726902.75
Kuwait,KWT,2013,269446.4
Latin America & Caribbean (excluding high income),LAC,2013,7999493.96
Lao PDR,LAO,2013,34522.0
Lebanon,LBN,2013,93707.68
Liberia,LBR,2013,6080.1
Libya,LBY,2013,133349.22
St. Lucia,LCA,2013,2428.65
Latin America & Caribbean,LCN,2013,9188922.18
Least developed countries: UN classification,LDC,2013,2269039.14
Low income,LIC,2013,869333.32
Liechtenstein,LIE,2013,
Sri Lanka,LKA,2013,231635.41
Lower middle income,LMC,2013,13708901.67
Low & middle income,LMY,2013,49803710.27
Lesotho,LSO,2013,5219.95
Late-demographic dividend,LTE,2013,31921563.71
Lithuania,LTU,2013,79034.48
Luxembourg,LUX,2013,54838.61
Latvia,LVA,2013,45564.64
"Macao SAR, China",MAC,2013,88662.89
St. Martin (French part),MAF,2013,
Morocco,MAR,2013,258279.12
Monaco,MCO,2013,
Moldova,MDA,2013,23541.38
Madagascar,MDG,2013,35522.72
Maldives,MDV,2013,6100.62
Mexico,MEX,2013,2150334.06
Marshall Islands,MHL,2013,194.17
Middle income,MIC,2013,48949596.58
North Macedonia,MKD,2013,26268.3
Mali,MLI,2013,30235.98
Malta,MLT,2013,13756.26
Myanmar,MMR,2013,208269.86
Montenegro,MNE,2013,9236.97
Mongolia,MNG,2013,30272.59
Mozambique,MOZ,2013,27901.3
Mauritania,MRT,2013,14306.35
Mauritius,MUS,2013,22944.24
Malawi,MWI,2013,25181.92
Malaysia,MYS,2013,698862.91
North America,NAC,2013,18439354.79
Namibia,NAM,2013,21847.54
New Caledonia,NCL,2013,
Niger,NER,2013,21071.37
Nigeria,NGA,2013,900501.05
Nicaragua,NIC,2013,28187.25
Netherlands,NLD,2013,827475.74
Norway,NOR,2013,342254.46
Nepal,NPL,2013,73334.82
Nauru,NRU,2013,88.64
New Zealand,NZL,2013,160996.11
OECD members,OED,2013,50322657.17
Oman,OMN,2013,180245.57
Other small states,OSS,2013,262923.2
Pakistan,PAK,2013,881009.82
Panama,PAN,2013,84421.08
Peru,PER,2013,336660.85
Philippines,PHL,2013,650515.53
Palau,PLW,2013,269.97
Papua New Guinea,PNG,2013,25820.52
Poland,POL,2013,925133.01
Pre-demographic dividend,PRE,2013,2850340.0
Puerto Rico,PRI,2013,117220.28
"Korea, Dem. People's Rep.",PRK,2013,
Portugal,PRT,2013,292135.41
Paraguay,PRY,2013,72608.98
West Bank and Gaza,PSE,2013,21557.01
Pacific island small states,PSS,2013,13182.76
Post-demographic dividend,PST,2013,45699121.14
French Polynesia,PYF,2013,
Qatar,QAT,2013,324265.53
Romania,ROU,2013,393201.15
Russian Federation,RUS,2013,3741783.38
Rwanda,RWA,2013,16775.81
South Asia,SAS,2013,8341246.56
Saudi Arabia,SAU,2013,1682819.52
Sudan,SDN,2013,140750.77
Senegal,SEN,2013,37962.16
Singapore,SGP,2013,448607.29
Solomon Islands,SLB,2013,1424.58
Sierra Leone,SLE,2013,11891.63
El Salvador,SLV,2013,43540.26
San Marino,SMR,2013,1677.5
Somalia,SOM,2013,14010.13
Serbia,SRB,2013,104798.89
South Sudan,SSD,2013,21404.11
Small states,SST,2013,321486.44
Sao Tome and Principe,STP,2013,568.96
Suriname,SUR,2013,9202.59
Slovak Republic,SVK,2013,151678.18
Slovenia,SVN,2013,61744.41
Sweden,SWE,2013,444616.52
Eswatini,SWZ,2013,9580.68
Sint Maarten (Dutch part),SXM,2013,1297.13
Seychelles,SYC,2013,2022.71
Syrian Arab Republic,SYR,2013,
Turks and Caicos Islands,TCA,2013,703.61
Chad,TCD,2013,20948.29
East Asia & Pacific (IDA & IBRD countries),TEA,2013,22283737.38
Europe & Central Asia (IDA & IBRD countries),TEC,2013,8865679.91
Togo,TGO,2013,12497.17
Thailand,THA,2013,1062759.71
Tajikistan,TJK,2013,23981.01
Turkmenistan,TKM,2013,69625.76
Latin America & the Caribbean (IDA & IBRD countries),TLA,2013,8908064.21
Timor-Leste,TLS,2013,2973.25
Tonga,TON,2013,547.75
South Asia (IDA & IBRD),TSA,2013,8341246.56
Trinidad and Tobago,TTO,2013,42780.1
Tunisia,TUN,2013,118895.81
Turkiye,TUR,2013,1703669.57
Tuvalu,TUV,2013,36.22
Tanzania,TZA,2013,103152.55
Uganda,UGA,2013,72260.07
Ukraine,UKR,2013,502958.22
Upper middle income,UMC,2013,35224571.67
Uruguay,URY,2013,69119.28
United States,USA,2013,16880683.0
Uzbekistan,UZB,2013,190612.22
St. Vincent and the Grenadines,VCT,2013,1257.05
"Venezuela, RB",VEN,2013,
British Virgin Islands,VGB,2013,
Virgin Islands (U.S.),VIR,2013,3493.39
Viet Nam,VNM,2013,612129.66
Vanuatu,VUT,2013,720.69
Samoa,WSM,2013,1068.05
Kosovo,XKX,2013,14709.96
"Yemen, Rep.",YEM,2013,92755.61
Zambia,ZMB,2013,53546.65
Zimbabwe,ZWE,2013,34688.24
Aruba,ABW,2014,3808.45
Afghanistan,AFG,2014,72946.66
Angola,AGO,2014,217022.0
Albania,ALB,2014,32526.85
Andorra,AND,2014,3576.66
United Arab Emirates,ARE,2014,687052.39
Argentina,ARG,2014,838428.06
Armenia,ARM,2014,29343.06
American Samoa,ASM,2014,
Antigua and Barbuda,ATG,2014,1923.84
Australia,AUS,2014,1101347.41
Austria,AUT,2014,417059.74
Azerbaijan,AZE,2014,167470.43
Burundi,BDI,2014,7822.94
Belgium,BEL,2014,503619.41
Benin,BEN,2014,29454.69
Burkina Faso,BFA,2014,30284.93
Bangladesh,BGD,2014,627516.7
Bulgaria,BGR,2014,127250.45
Bahrain,BHR,2014,68536.79
"Bahamas, The",BHS,2014,11974.22
Bosnia and Herzegovina,BIH,2014,39808.7
Belarus,BLR,2014,179879.14
Belize,BLZ,2014,3290.94
Bermuda,BMU,2014,4573.36
Bolivia,BOL,2014,76454.3
Brazil,BRA,2014,3166808.96
Barbados,BRB,2014,4339.0
Brunei Darussalam,BRN,2014,33850.76
Bhutan,BTN,2014,6731.46
Botswana,BWA,2014,32587.87
Canada,CAN,2014,1621395.56
Central Europe and the Baltics,CEB,2014,2580227.7
Switzerland,CHE,2014,519299.91
Channel Islands,CHI,2014,
Chile,CHL,2014,402902.2
China,CHN,2014,17423231.13
Cote d'Ivoire,CIV,2014,99929.87
Cameroon,CMR,2014,75494.72
"Congo, Dem. Rep.",COD,2014,63082.98
"Congo, Rep.",COG,2014,28527.64
Colombia,COL,2014,621898.18
Comoros,COM,2014,2090.12
Cabo Verde,CPV,2014,3287.51
Costa Rica,CRI,2014,78151.24
Caribbean small states,CSS,2014,46725.73
Cuba,CUB,2014,
Curacao,CUW,2014,3796.03
Cayman Islands,CYM,2014,3823.8
Cyprus,CYP,2014,25719.12
Czechia,CZE,2014,342099.83
Germany,DEU,2014,3807112.94
Djibouti,DJI,2014,3978.45
Dominica,DMA,2014,773.33
Denmark,DNK,2014,270330.62
Dominican Republic,DOM,2014,139239.73
Algeria,DZA,2014,576084.36
East Asia & Pacific (excluding high income),EAP,2014,23635222.63
Early-demographic dividend,EAR,2014,25673333.49
East Asia & Pacific,EAS,2014,33811566.73
Europe & Central Asia (excluding high income),ECA,2014,3747228.36
Europe & Central Asia,ECS,2014,27529274.84
Ecuador,ECU,2014,189785.46
"Egypt, Arab Rep.",EGY,2014,1000296.47
Euro area,EMU,2014,13618623.55
Eritrea,ERI,2014,
Spain,ESP,2014,1558985.38
Estonia,EST,2014,38050.12
Ethiopia,ETH,2014,150119.42
European Union,EUU,2014,16442350.25
Fragile and conflict affected situations,FCS,2014,3963377.25
Finland,FIN,2014,228058.55
Fiji,FJI,2014,9829.2
France,FRA,2014,2662033.4
Faroe Islands,FRO,2014,2573.65
"Micronesia, Fed. Sts.",FSM,2014,344.58
Gabon,GAB,2014,29386.49
United Kingdom,GBR,2014,2666661.89
Georgia,GEO,2014,43780.1
Ghana,GHA,2014,154709.16
Gibraltar,GIB,2014,
Guinea,GIN,2014,21491.24
"Gambia, The",GMB,2014,4185.55
Guinea-Bissau,GNB,2014,2534.91
Equatorial Guinea,GNQ,2014,38043.51
Greece,GRC,2014,290011.17
Grenada,GRD,2014,1395.68
Greenland,GRL,2014,3183.77
Guatemala,GTM,2014,129165.01
Guam,GUM,2014,
Guyana,GUY,2014,8405.9
High income,HIC,2014,57493529.95
"Hong Kong SAR, China",HKG,2014,394115.66
Honduras,HND,2014,40422.04
Heavily indebted poor countries (HIPC),HPC,2014,1640395.33
Croatia,HRV,2014,95207.71
Haiti,HTI,2014,31905.36
Hungary,HUN,2014,253484.63
IBRD only,IBD,2014,53155781.93
IDA & IBRD total,IBT,2014,58530755.91
IDA total,IDA,2014,5384463.45
IDA blend,IDB,2014,2460666.42
Indonesia,IDN,2014,2605517.44
IDA only,IDX,2014,2930040.07
Isle of Man,IMN,2014,
India,IND,2014,6812807.11
Not classified,INX,2014,
Ireland,IRL,2014,238657.01
"Iran, Islamic Rep.",IRN,2014,1255791.38
Iraq,IRQ,2014,481300.15
Iceland,ISL,2014,15058.76
Israel,ISR,2014,285415.97
Italy,ITA,2014,2200255.26
Jamaica,JAM,2014,24397.29
Jordan,JOR,2014,80397.36
Japan,JPN,2014,5034454.62
Kazakhstan,KAZ,2014,426844.57
Kenya,KEN,2014,154709.33
Kyrgyz Republic,KGZ,2014,24971.08
Cambodia,KHM,2014,48043.83
Kiribati,KIR,2014,239.74
St. Kitts and Nevis,KNA,2014,1259.89
"Korea, Rep.",KOR,2014,1792600.24
Kuwait,KWT,2014,250513.5
Latin America & Caribbean (excluding high income),LAC,2014,8247520.83
Lao PDR,LAO,2014,38868.37
Lebanon,LBN,2014,102439.56
Liberia,LBR,2014,6475.7
Libya,LBY,2014,112538.15
St. Lucia,LCA,2014,2508.12
Latin America & Caribbean,LCN,2014,9476926.32
Least developed countries: UN classification,LDC,2014,2472642.89
Low income,LIC,2014,967830.48
Liechtenstein,LIE,2014,
Sri Lanka,LKA,2014,243530.58
Lower middle income,LMC,2014,14452726.63
Low & middle income,LMY,2014,52210226.8
Lesotho,LSO,2014,5764.44
Late-demographic dividend,LTE,2014,33346492.48
Lithuania,LTU,2014,82646.66
Luxembourg,LUX,2014,58578.32
Latvia,LVA,2014,47483.13
"Macao SAR, China",MAC,2014,90217.34
St. Martin (French part),MAF,2014,
Morocco,MAR,2014,250969.67
Monaco,MCO,2014,
Moldova,MDA,2014,24700.28
Madagascar,MDG,2014,37117.79
Maldives,MDV,2014,6909.83
Mexico,MEX,2014,2254435.51
Marshall Islands,MHL,2014,195.27
Middle income,MIC,2014,51266111.08
North Macedonia,MKD,2014,27774.06
Mali,MLI,2014,33110.16
Malta,MLT,2014,14923.41
Myanmar,MMR,2014,221802.51
Montenegro,MNE,2014,9557.25
Mongolia,MNG,2014,32298.61
Mozambique,MOZ,2014,30064.93
Mauritania,MRT,2014,14875.06
Mauritius,MUS,2014,24046.75
Malawi,MWI,2014,25024.59
Malaysia,MYS,2014,746116.31
North America,NAC,2014,19234106.92
Namibia,NAM,2014,23966.04
New Caledonia,NCL,2014,
Niger,NER,2014,22315.92
Nigeria,NGA,2014,976358.66
Nicaragua,NIC,2014,30743.43
Netherlands,NLD,2014,830318.57
Norway,NOR,2014,340765.24
Nepal,NPL,2014,80283.01
Nauru,NRU,2014,104.48
New Zealand,NZL,2014,168455.57
OECD members,OED,2014,52139965.3
Oman,OMN,2014,177051.23
Other small states,OSS,2014,270578.89
Pakistan,PAK,2014,924121.43
Panama,PAN,2014,95450.56
Peru,PER,2014,346866.17
Philippines,PHL,2014,694071.31
Palau,PLW,2014,289.22
Papua New Guinea,PNG,2014,29828.19
Poland,POL,2014,962317.69
Pre-demographic dividend,PRE,2014,3013596.83
Puerto Rico,PRI,2014,116122.53
"Korea, Dem. People's Rep.",PRK,2014,
Portugal,PRT,2014,298951.9
Paraguay,PRY,2014,76522.55
West Bank and Gaza,PSE,2014,22459.71
Pacific island small states,PSS,2014,14924.57
Post-demographic dividend,PST,2014,47129260.76
French Polynesia,PYF,2014,
Qatar,QAT,2014,319295.52
Romania,ROU,2014,410735.73
Russian Federation,RUS,2014,3763534.95
Rwanda,RWA,2014,19065.16
South Asia,SAS,2014,8774846.79
Saudi Arabia,SAU,2014,1725296.87
Sudan,SDN,2014,165409.53
Senegal,SEN,2014,40387.33
Singapore,SGP,2014,462493.85
Solomon Islands,SLB,2014,1466.63
Sierra Leone,SLE,2014,12392.8
El Salvador,SLV,2014,46245.03
San Marino,SMR,2014,1727.75
Somalia,SOM,2014,17167.59
Serbia,SRB,2014,104523.8
South Sudan,SSD,2014,15423.02
Small states,SST,2014,332229.19
Sao Tome and Principe,STP,2014,636.22
Suriname,SUR,2014,9549.8
Slovak Republic,SVK,2014,157298.39
Slovenia,SVN,2014,63653.37
Sweden,SWE,2014,457507.74
Eswatini,SWZ,2014,9811.95
Sint Maarten (Dutch part),SXM,2014,1595.75
Seychelles,SYC,2014,2282.56
Syrian Arab Republic,SYR,2014,
Turks and Caicos Islands,TCA,2014,787.25
Chad,TCD,2014,23254.98
East Asia & Pacific (IDA & IBRD countries),TEA,2014,23605953.97
Europe & Central Asia (IDA & IBRD countries),TEC,2014,9106274.89
Togo,TGO,2014,13473.94
Thailand,THA,2014,1078896.78
Tajikistan,TJK,2014,26555.02
Turkmenistan,TKM,2014,75798.48
Latin America & the Caribbean (IDA & IBRD countries),TLA,2014,9192141.75
Timor-Leste,TLS,2014,3380.08
Tonga,TON,2014,568.54
South Asia (IDA & IBRD),TSA,2014,8774846.79
Trinidad and Tobago,TTO,2014,43413.38
Tunisia,TUN,2014,123418.43
Turkiye,TUR,2014,1860471.15
Tuvalu,TUV,2014,36.85
Tanzania,TZA,2014,108559.93
Uganda,UGA,2014,77668.41
Ukraine,UKR,2014,458591.72
Upper middle income,UMC,2014,36796110.7
Uruguay,URY,2014,73395.68
United States,USA,2014,17608138.0
Uzbekistan,UZB,2014,199766.95
St. Vincent and the Grenadines,VCT,2014,1305.0
"Venezuela, RB",VEN,2014,
British Virgin Islands,VGB,2014,
Virgin Islands (U.S.),VIR,2014,3491.16
Viet Nam,VNM,2014,668974.83
Vanuatu,VUT,2014,756.25
Samoa,WSM,2014,1093.82
Kosovo,XKX,2014,14865.72
"Yemen, Rep.",YEM,2014,
Zambia,ZMB,2014,54700.79
Zimbabwe,ZWE,2014,36277.7
Aruba,ABW,2015,3881.69
Afghanistan,AFG,2015,77274.32
Angola,AGO,2015,200475.82
Albania,ALB,2015,33583.37
Andorra,AND,2015,3661.62
United Arab Emirates,ARE,2015,609998.22
Argentina,ARG,2015,865155.58
Armenia,ARM,2015,29315.4
American Samoa,ASM,2015,
Antigua and Barbuda,ATG,2015,1876.64
Australia,AUS,2015,1102492.31
Austria,AUT,2015,430976.0
Azerbaijan,AZE,2015,145466.45
Burundi,BDI,2015,8809.63
Belgium,BEL,2015,520878.05
Benin,BEN,2015,30961.69
Burkina Faso,BFA,2015,31763.61
Bangladesh,BGD,2015,671359.53
Bulgaria,BGR,2015,131965.6
Bahrain,BHR,2015,62994.16
"Bahamas, The",BHS,2015,12210.74
Bosnia and Herzegovina,BIH,2015,41675.87
Belarus,BLR,2015,171563.08
Belize,BLZ,2015,3401.34
Bermuda,BMU,2015,4819.68
Bolivia,BOL,2015,78777.66
Brazil,BRA,2015,2989121.46
Barbados,BRB,2015,4451.26
Brunei Darussalam,BRN,2015,26475.99
Bhutan,BTN,2015,7450.8
Botswana,BWA,2015,31162.42
Canada,CAN,2015,1594851.78
Central Europe and the Baltics,CEB,2015,2699035.5
Switzerland,CHE,2015,540550.95
Channel Islands,CHI,2015,
Chile,CHL,2015,405499.68
China,CHN,2015,18216461.65
Cote d'Ivoire,CIV,2015,111175.88
Cameroon,CMR,2015,79618.7
"Congo, Dem. Rep.",COD,2015,69621.15
"Congo, Rep.",COG,2015,24035.78
Colombia,COL,2015,626205.85
Comoros,COM,2015,2143.33
Cabo Verde,CPV,2015,3470.69
Costa Rica,CRI,2015,84436.79
Caribbean small states,CSS,2015,47623.64
Cuba,CUB,2015,
Curacao,CUW,2015,3797.47
Cayman Islands,CYM,2015,3945.66
Cyprus,CYP,2015,27057.44
Czechia,CZE,2015,357503.88
Germany,DEU,2015,3889081.66
Djibouti,DJI,2015,4350.58
Dominica,DMA,2015,789.49
Denmark,DNK,2015,278748.35
Dominican Republic,DOM,2015,154909.32
Algeria,DZA,2015,552563.71
East Asia & Pacific (excluding high income),EAP,2015,24594692.22
Early-demographic dividend,EAR,2015,26374764.81
East Asia & Pacific,EAS,2015,35128816.86
Europe & Central Asia (excluding high income),ECA,2015,3852964.68
Europe & Central Asia,ECS,2015,28045120.56
Ecuador,ECU,2015,176939.94
"Egypt, Arab Rep.",EGY,2015,1085943.37
Euro area,EMU,2015,14032754.76
Eritrea,ERI,2015,
Spain,ESP,2015,1621825.07
Estonia,EST,2015,38378.22
Ethiopia,ETH,2015,169575.37
European Union,EUU,2015,16993292.5
Fragile and conflict affected situations,FCS,2015,3878882.41
Finland,FIN,2015,232867.49
Fiji,FJI,2015,10778.36
France,FRA,2015,2718496.74
Faroe Islands,FRO,2015,2622.89
"Micronesia, Fed. Sts.",FSM,2015,363.85
Gabon,GAB,2015,29199.27
United Kingdom,GBR,2015,2767234.47
Georgia,GEO,2015,45707.84
Ghana,GHA,2015,148971.92
Gibraltar,GIB,2015,
Guinea,GIN,2015,22706.69
"Gambia, The",GMB,2015,4427.52
Guinea-Bissau,GNB,2015,3090.47
Equatorial Guinea,GNQ,2015,28320.53
Greece,GRC,2015,289570.76
Grenada,GRD,2015,1515.38
Greenland,GRL,2015,3132.04
Guatemala,GTM,2015,142691.59
Guam,GUM,2015,
Guyana,GUY,2015,8656.53
High income,HIC,2015,58514067.73
"Hong Kong SAR, China",HKG,2015,408626.64
Honduras,HND,2015,44760.25
Heavily indebted poor countries (HIPC),HPC,2015,1729912.63
Croatia,HRV,2015,98618.93
Haiti,HTI,2015,31841.59
Hungary,HUN,2015,263781.87
IBRD only,IBD,2015,54239134.99
IDA & IBRD total,IBT,2015,59871748.1
IDA total,IDA,2015,5643443.24
IDA blend,IDB,2015,2556657.95
Indonesia,IDN,2015,2625201.73
IDA only,IDX,2015,3094159.97
Isle of Man,IMN,2015,
India,IND,2015,7204580.7
Not classified,INX,2015,
Ireland,IRL,2015,325443.24
"Iran, Islamic Rep.",IRN,2015,1131039.62
Iraq,IRQ,2015,350607.54
Iceland,ISL,2015,16276.45
Israel,ISR,2015,300546.19
Italy,ITA,2015,2240921.14
Jamaica,JAM,2015,25182.38
Jordan,JOR,2015,85588.35
Japan,JPN,2015,5199915.22
Kazakhstan,KAZ,2015,406611.06
Kenya,KEN,2015,173206.96
Kyrgyz Republic,KGZ,2015,25086.54
Cambodia,KHM,2015,51719.79
Kiribati,KIR,2015,269.65
St. Kitts and Nevis,KNA,2015,1265.58
"Korea, Rep.",KOR,2015,1933588.95
Kuwait,KWT,2015,173580.84
Latin America & Caribbean (excluding high income),LAC,2015,8198603.47
Lao PDR,LAO,2015,41395.27
Lebanon,LBN,2015,110329.05
Liberia,LBR,2015,6245.65
Libya,LBY,2015,116940.83
St. Lucia,LCA,2015,2510.45
Latin America & Caribbean,LCN,2015,9439578.36
Least developed countries: UN classification,LDC,2015,2591647.4
Low income,LIC,2015,1033489.9
Liechtenstein,LIE,2015,
Sri Lanka,LKA,2015,256403.79
Lower middle income,LMC,2015,15223371.59
Low & middle income,LMY,2015,53687285.6
Lesotho,LSO,2015,6386.75
Late-demographic dividend,LTE,2015,33749725.38
Lithuania,LTU,2015,83761.79
Luxembourg,LUX,2015,61437.31
Latvia,LVA,2015,49384.46
"Macao SAR, China",MAC,2015,70022.65
St. Martin (French part),MAF,2015,
Morocco,MAR,2015,273699.87
Monaco,MCO,2015,
Moldova,MDA,2015,26084.24
Madagascar,MDG,2015,38053.9
Maldives,MDV,2015,7653.3
Mexico,MEX,2015,2309023.75
Marshall Islands,MHL,2015,201.22
Middle income,MIC,2015,52683439.44
North Macedonia,MKD,2015,28749.8
Mali,MLI,2015,36435.46
Malta,MLT,2015,16668.33
Myanmar,MMR,2015,227790.29
Montenegro,MNE,2015,10160.88
Mongolia,MNG,2015,31655.86
Mozambique,MOZ,2015,34986.72
Mauritania,MRT,2015,15775.04
Mauritius,MUS,2015,25271.89
Malawi,MWI,2015,23972.52
Malaysia,MYS,2015,766027.92
North America,NAC,2015,19894690.45
Namibia,NAM,2015,24849.17
New Caledonia,NCL,2015,
Niger,NER,2015,23372.92
Nigeria,NGA,2015,989482.93
Nicaragua,NIC,2015,33507.48
Netherlands,NLD,2015,851884.87
Norway,NOR,2015,315145.02
Nepal,NPL,2015,82282.97
Nauru,NRU,2015,109.05
New Zealand,NZL,2015,172797.42
OECD members,OED,2015,53976494.14
Oman,OMN,2015,150899.64
Other small states,OSS,2015,266808.62
Pakistan,PAK,2015,973520.33
Panama,PAN,2015,108461.09
Peru,PER,2015,353319.96
Philippines,PHL,2015,726055.89
Palau,PLW,2015,320.36
Papua New Guinea,PNG,2015,32085.43
Poland,POL,2015,1018896.78
Pre-demographic dividend,PRE,2015,2950207.7
Puerto Rico,PRI,2015,114269.13
"Korea, Dem. People's Rep.",PRK,2015,
Portugal,PRT,2015,307229.82
Paraguay,PRY,2015,78091.62
West Bank and Gaza,PSE,2015,24638.36
Pacific island small states,PSS,2015,16081.69
Post-demographic dividend,PST,2015,48561298.8
French Polynesia,PYF,2015,
Qatar,QAT,2015,240424.8
Romania,ROU,2015,428470.53
Russian Federation,RUS,2015,3526235.95
Rwanda,RWA,2015,20727.87
South Asia,SAS,2015,9280525.73
Saudi Arabia,SAU,2015,1552528.37
Sudan,SDN,2015,168783.44
Senegal,SEN,2015,43696.52
Singapore,SGP,2015,482409.67
Solomon Islands,SLB,2015,1505.05
Sierra Leone,SLE,2015,11285.17
El Salvador,SLV,2015,49059.66
San Marino,SMR,2015,1718.78
Somalia,SOM,2015,21027.59
Serbia,SRB,2015,105915.3
South Sudan,SSD,2015,12827.98
Small states,SST,2015,330513.95
Sao Tome and Principe,STP,2015,635.22
Suriname,SUR,2015,9622.19
Slovak Republic,SVK,2015,163007.58
Slovenia,SVN,2015,65265.87
Sweden,SWE,2015,481170.74
Eswatini,SWZ,2015,9969.81
Sint Maarten (Dutch part),SXM,2015,1670.74
Seychelles,SYC,2015,2376.13
Syrian Arab Republic,SYR,2015,
Turks and Caicos Islands,TCA,2015,878.99
Chad,TCD,2015,26192.08
East Asia & Pacific (IDA & IBRD countries),TEA,2015,24564255.13
Europe & Central Asia (IDA & IBRD countries),TEC,2015,9057152.46
Togo,TGO,2015,14404.27
Thailand,THA,2015,1113921.79
Tajikistan,TJK,2015,25719.5
Turkmenistan,TKM,2015,79032.36
Latin America & the Caribbean (IDA & IBRD countries),TLA,2015,9156613.5
Timor-Leste,TLS,2015,3756.62
Tonga,TON,2015,580.54
South Asia (IDA & IBRD),TSA,2015,9280525.73
Trinidad and Tobago,TTO,2015,40532.81
Tunisia,TUN,2015,122945.41
Turkiye,TUR,2015,2022398.64
Tuvalu,TUV,2015,41.07
Tanzania,TZA,2015,116993.0
Uganda,UGA,2015,82192.55
Ukraine,UKR,2015,431227.25
Upper middle income,UMC,2015,37440803.99
Uruguay,URY,2015,74664.26
United States,USA,2015,18295019.0
Uzbekistan,UZB,2015,209082.43
St. Vincent and the Grenadines,VCT,2015,1324.04
"Venezuela, RB",VEN,2015,
British Virgin Islands,VGB,2015,
Virgin Islands (U.S.),VIR,2015,3508.58
Viet Nam,VNM,2015,712101.2
Vanuatu,VUT,2015,766.06
Samoa,WSM,2015,1146.48
Kosovo,XKX,2015,15584.66
"Yemen, Rep.",YEM,2015,
Zambia,ZMB,2015,54731.52
Zimbabwe,ZWE,2015,38109.21
Aruba,ABW,2016,3926.95
Afghanistan,AFG,2016,76798.75
Angola,AGO,2016,199721.22
Albania,ALB,2016,34738.55
Andorra,AND,2016,3833.54
United Arab Emirates,ARE,2016,604925.12
Argentina,ARG,2016,882649.22
Armenia,ARM,2016,31629.43
American Samoa,ASM,2016,
Antigua and Barbuda,ATG,2016,1918.29
Australia,AUS,2016,1143970.72
Austria,AUT,2016,460282.77
Azerbaijan,AZE,2016,141837.62
Burundi,BDI,2016,8676.71
Belgium,BEL,2016,550677.65
Benin,BEN,2016,33245.56
Burkina Faso,BFA,2016,36383.54
Bangladesh,BGD,2016,736379.11
Bulgaria,BGR,2016,143019.09
Bahrain,BHR,2016,64268.42
"Bahamas, The",BHS,2016,12385.26
Bosnia and Herzegovina,BIH,2016,44797.86
Belarus,BLR,2016,168862.49
Belize,BLZ,2016,3429.39
Bermuda,BMU,2016,5102.07
Bolivia,BOL,2016,84385.72
Brazil,BRA,2016,2907889.89
Barbados,BRB,2016,4580.67
Brunei Darussalam,BRN,2016,24234.55
Bhutan,BTN,2016,8306.54
Botswana,BWA,2016,36266.22
Canada,CAN,2016,1678092.37
Central Europe and the Baltics,CEB,2016,2859067.11
Switzerland,CHE,2016,563950.61
Channel Islands,CHI,2016,
Chile,CHL,2016,424831.69
China,CHN,2016,19265339.7
Cote d'Ivoire,CIV,2016,117748.86
Cameroon,CMR,2016,85068.23
"Congo, Dem. Rep.",COD,2016,76732.43
"Congo, Rep.",COG,2016,20973.96
Colombia,COL,2016,665398.39
Comoros,COM,2016,2328.36
Cabo Verde,CPV,2016,3767.66
Costa Rica,CRI,2016,93454.86
Caribbean small states,CSS,2016,47523.3
Cuba,CUB,2016,
Curacao,CUW,2016,3775.99
Cayman Islands,CYM,2016,4144.41
Cyprus,CYP,2016,30551.54
Czechia,CZE,2016,381420.34
Germany,DEU,2016,4165169.65
Djibouti,DJI,2016,4598.43
Dominica,DMA,2016,847.4
Denmark,DNK,2016,297719.08
Dominican Republic,DOM,2016,172145.44
Algeria,DZA,2016,548945.7
East Asia & Pacific (excluding high income),EAP,2016,25994092.12
Early-demographic dividend,EAR,2016,27744436.56
East Asia & Pacific,EAS,2016,36677812.0
Europe & Central Asia (excluding high income),ECA,2016,4032404.49
Europe & Central Asia,ECS,2016,29456965.84
Ecuador,ECU,2016,179600.49
"Egypt, Arab Rep.",EGY,2016,1084107.4
Euro area,EMU,2016,14929449.79
Eritrea,ERI,2016,
Spain,ESP,2016,1734117.18
Estonia,EST,2016,41201.01
Ethiopia,ETH,2016,198234.21
European Union,EUU,2016,18066673.61
Fragile and conflict affected situations,FCS,2016,4020330.11
Finland,FIN,2016,246928.41
Fiji,FJI,2016,11015.8
France,FRA,2016,2864106.38
Faroe Islands,FRO,2016,2686.74
"Micronesia, Fed. Sts.",FSM,2016,369.09
Gabon,GAB,2016,29399.53
United Kingdom,GBR,2016,2892297.88
Georgia,GEO,2016,48700.95
Ghana,GHA,2016,147108.96
Gibraltar,GIB,2016,
Guinea,GIN,2016,27228.62
"Gambia, The",GMB,2016,4596.49
Guinea-Bissau,GNB,2016,3342.06
Equatorial Guinea,GNQ,2016,25110.51
Greece,GRC,2016,296466.37
Grenada,GRD,2016,1609.23
Greenland,GRL,2016,3309.84
Guatemala,GTM,2016,149695.82
Guam,GUM,2016,
Guyana,GUY,2016,8793.31
High income,HIC,2016,60458239.56
"Hong Kong SAR, China",HKG,2016,416436.29
Honduras,HND,2016,48814.1
Heavily indebted poor countries (HIPC),HPC,2016,1852784.33
Croatia,HRV,2016,106143.79
Haiti,HTI,2016,34719.28
Hungary,HUN,2016,274222.71
IBRD only,IBD,2016,56876783.0
IDA & IBRD total,IBT,2016,62803744.7
IDA total,IDA,2016,5938520.12
IDA blend,IDB,2016,2626032.55
Indonesia,IDN,2016,2715764.06
IDA only,IDX,2016,3322926.69
Isle of Man,IMN,2016,
India,IND,2016,7795524.02
Not classified,INX,2016,
Ireland,IRL,2016,339580.23
"Iran, Islamic Rep.",IRN,2016,1221422.58
Iraq,IRQ,2016,349270.95
Iceland,ISL,2016,17939.41
Israel,ISR,2016,326528.61
Italy,ITA,2016,2420671.36
Jamaica,JAM,2016,26411.12
Jordan,JOR,2016,87534.48
Japan,JPN,2016,5158900.39
Kazakhstan,KAZ,2016,422786.76
Kenya,KEN,2016,188546.46
Kyrgyz Republic,KGZ,2016,28429.77
Cambodia,KHM,2016,56734.87
Kiribati,KIR,2016,291.88
St. Kitts and Nevis,KNA,2016,1328.21
"Korea, Rep.",KOR,2016,2026967.82
Kuwait,KWT,2016,167620.16
Latin America & Caribbean (excluding high income),LAC,2016,8406206.37
Lao PDR,LAO,2016,46586.12
Lebanon,LBN,2016,119762.49
Liberia,LBR,2016,7087.45
Libya,LBY,2016,112487.61
St. Lucia,LCA,2016,2688.57
Latin America & Caribbean,LCN,2016,9692169.92
Least developed countries: UN classification,LDC,2016,2779658.32
Low income,LIC,2016,1121731.42
Liechtenstein,LIE,2016,
Sri Lanka,LKA,2016,277383.19
Lower middle income,LMC,2016,16188614.52
Low & middle income,LMY,2016,56445516.09
Lesotho,LSO,2016,6268.09
Late-demographic dividend,LTE,2016,35140098.98
Lithuania,LTU,2016,88700.74
Luxembourg,LUX,2016,65980.12
Latvia,LVA,2016,52362.43
"Macao SAR, China",MAC,2016,70409.2
St. Martin (French part),MAF,2016,
Morocco,MAR,2016,278969.23
Monaco,MCO,2016,
Moldova,MDA,2016,28945.25
Madagascar,MDG,2016,40755.59
Maldives,MDV,2016,8320.67
Mexico,MEX,2016,2457812.55
Marshall Islands,MHL,2016,207.49
Middle income,MIC,2016,55360216.63
North Macedonia,MKD,2016,31372.06
Mali,MLI,2016,40702.0
Malta,MLT,2016,18079.6
Myanmar,MMR,2016,229647.11
Montenegro,MNE,2016,11325.06
Mongolia,MNG,2016,32468.15
Mozambique,MOZ,2016,37700.8
Mauritania,MRT,2016,19136.6
Mauritius,MUS,2016,27385.97
Malawi,MWI,2016,24755.68
Malaysia,MYS,2016,803828.3
North America,NAC,2016,20488107.44
Namibia,NAM,2016,24880.31
New Caledonia,NCL,2016,
Niger,NER,2016,24586.2
Nigeria,NGA,2016,981583.4
Nicaragua,NIC,2016,36662.94
Netherlands,NLD,2016,890488.13
Norway,NOR,2016,310303.33
Nepal,NPL,2016,83198.95
Nauru,NRU,2016,114.64
New Zealand,NZL,2016,188310.54
OECD members,OED,2016,56167989.9
Oman,OMN,2016,146364.89
Other small states,OSS,2016,281660.43
Pakistan,PAK,2016,1019404.0
Panama,PAN,2016,122509.7
Peru,PER,2016,372451.97
Philippines,PHL,2016,787994.33
Palau,PLW,2016,326.25
Papua New Guinea,PNG,2016,34168.43
Poland,POL,2016,1069459.26
Pre-demographic dividend,PRE,2016,3031576.28
Puerto Rico,PRI,2016,112229.48
"Korea, Dem. People's Rep.",PRK,2016,
Portugal,PRT,2016,326364.35
Paraguay,PRY,2016,83295.46
West Bank and Gaza,PSE,2016,26474.3
Pacific island small states,PSS,2016,16656.65
Post-demographic dividend,PST,2016,50437339.04
French Polynesia,PYF,2016,
Qatar,QAT,2016,222778.39
Romania,ROU,2016,470959.64
Russian Federation,RUS,2016,3538976.0
Rwanda,RWA,2016,22245.84
South Asia,SAS,2016,10005315.23
Saudi Arabia,SAU,2016,1493555.87
Sudan,SDN,2016,184446.37
Senegal,SEN,2016,46623.91
Singapore,SGP,2016,503170.47
Solomon Islands,SLB,2016,1603.75
Sierra Leone,SLE,2016,12053.27
El Salvador,SLV,2016,52431.58
San Marino,SMR,2016,1755.45
Somalia,SOM,2016,23546.86
Serbia,SRB,2016,111926.92
South Sudan,SSD,2016,
Small states,SST,2016,345840.38
Sao Tome and Principe,STP,2016,676.15
Suriname,SUR,2016,8507.96
Slovak Republic,SVK,2016,161498.74
Slovenia,SVN,2016,70079.36
Sweden,SWE,2016,500423.69
Eswatini,SWZ,2016,9998.09
Sint Maarten (Dutch part),SXM,2016,1715.28
Seychelles,SYC,2016,2727.78
Syrian Arab Republic,SYR,2016,
Turks and Caicos Islands,TCA,2016,980.03
Chad,TCD,2016,24840.32
East Asia & Pacific (IDA & IBRD countries),TEA,2016,25961910.26
Europe & Central Asia (IDA & IBRD countries),TEC,2016,9360962.28
Togo,TGO,2016,15189.5
Thailand,THA,2016,1181322.17
Tajikistan,TJK,2016,25833.18
Turkmenistan,TKM,2016,82167.73
Latin America & the Caribbean (IDA & IBRD countries),TLA,2016,9407169.34
Timor-Leste,TLS,2016,4195.73
Tonga,TON,2016,624.57
South Asia (IDA & IBRD),TSA,2016,10005315.23
Trinidad and Tobago,TTO,2016,38381.87
Tunisia,TUN,2016,126742.37
Turkiye,TUR,2016,2116397.79
Tuvalu,TUV,2016,43.81
Tanzania,TZA,2016,127160.95
Uganda,UGA,2016,84011.71
Ukraine,UKR,2016,469908.64
Upper middle income,UMC,2016,39150577.84
Uruguay,URY,2016,77184.69
United States,USA,2016,18804913.0
Uzbekistan,UZB,2016,216467.15
St. Vincent and the Grenadines,VCT,2016,1435.02
"Venezuela, RB",VEN,2016,
British Virgin Islands,VGB,2016,
Virgin Islands (U.S.),VIR,2016,3598.62
Viet Nam,VNM,2016,787204.62
Vanuatu,VUT,2016,809.6
Samoa,WSM,2016,1249.78
Kosovo,XKX,2016,16277.27
"Yemen, Rep.",YEM,2016,
Zambia,ZMB,2016,56043.42
Zimbabwe,ZWE,2016,40834.05
Aruba,ABW,2017,4080.27
Afghanistan,AFG,2017,83362.07
Angola,AGO,2017,211424.03
Albania,ALB,2017,36693.36
Andorra,AND,2017,3915.7
United Arab Emirates,ARE,2017,627578.03
Argentina,ARG,2017,1035699.07
Armenia,ARM,2017,35949.45
American Samoa,ASM,2017,
Antigua and Barbuda,ATG,2017,1933.33
Australia,AUS,2017,1190737.66
Austria,AUT,2017,476590.43
Azerbaijan,AZE,2017,141069.64
Burundi,BDI,2017,8759.74
Belgium,BEL,2017,573788.8
Benin,BEN,2017,34745.53
Burkina Faso,BFA,2017,40632.4
Bangladesh,BGD,2017,791891.2
Bulgaria,BGR,2017,151820.64
Bahrain,BHR,2017,71726.22
"Bahamas, The",BHS,2017,13160.6
Bosnia and Herzegovina,BIH,2017,46718.61
Belarus,BLR,2017,174175.11
Belize,BLZ,2017,3404.8
Bermuda,BMU,2017,5447.42
Bolivia,BOL,2017,96545.46
Brazil,BRA,2017,2980287.46
Barbados,BRB,2017,4544.95
Brunei Darussalam,BRN,2017,26683.75
Bhutan,BTN,2017,8808.68
Botswana,BWA,2017,35589.44
Canada,CAN,2017,1765762.55
Central Europe and the Baltics,CEB,2017,3065350.87
Switzerland,CHE,2017,576360.6
Channel Islands,CHI,2017,
Chile,CHL,2017,450891.85
China,CHN,2017,20594682.03
Cote d'Ivoire,CIV,2017,125384.27
Cameroon,CMR,2017,90902.83
"Congo, Dem. Rep.",COD,2017,87367.06
"Congo, Rep.",COG,2017,23783.31
Colombia,COL,2017,693117.07
Comoros,COM,2017,2532.92
Cabo Verde,CPV,2017,4070.2
Costa Rica,CRI,2017,100716.91
Caribbean small states,CSS,2017,51094.63
Cuba,CUB,2017,
Curacao,CUW,2017,3895.74
Cayman Islands,CYM,2017,4389.52
Cyprus,CYP,2017,33015.34
Czechia,CZE,2017,411327.87
Germany,DEU,2017,4386727.41
Djibouti,DJI,2017,4933.19
Dominica,DMA,2017,805.11
Denmark,DNK,2017,319130.16
Dominican Republic,DOM,2017,181804.31
Algeria,DZA,2017,562537.09
East Asia & Pacific (excluding high income),EAP,2017,27753523.59
Early-demographic dividend,EAR,2017,29511395.17
East Asia & Pacific,EAS,2017,38778509.86
Europe & Central Asia (excluding high income),ECA,2017,4269548.46
Europe & Central Asia,ECS,2017,31128148.78
Ecuador,ECU,2017,197653.05
"Egypt, Arab Rep.",EGY,2017,1153591.17
Euro area,EMU,2017,15679676.59
Eritrea,ERI,2017,
Spain,ESP,2017,1842771.29
Estonia,EST,2017,44556.47
Ethiopia,ETH,2017,219853.61
European Union,EUU,2017,19038528.72
Fragile and conflict affected situations,FCS,2017,4247277.95
Finland,FIN,2017,262026.48
Fiji,FJI,2017,11778.09
France,FRA,2017,2983008.9
Faroe Islands,FRO,2017,2830.97
"Micronesia, Fed. Sts.",FSM,2017,378.79
Gabon,GAB,2017,31914.85
United Kingdom,GBR,2017,3041891.55
Georgia,GEO,2017,51144.26
Ghana,GHA,2017,155172.03
Gibraltar,GIB,2017,
Guinea,GIN,2017,33281.44
"Gambia, The",GMB,2017,4775.62
Guinea-Bissau,GNB,2017,3907.71
Equatorial Guinea,GNQ,2017,28802.41
Greece,GRC,2017,307636.1
Grenada,GRD,2017,1736.36
Greenland,GRL,2017,3370.89
Guatemala,GTM,2017,158386.82
Guam,GUM,2017,
Guyana,GUY,2017,9408.66
High income,HIC,2017,63377001.53
"Hong Kong SAR, China",HKG,2017,438127.78
Honduras,HND,2017,53891.61
Heavily indebted poor countries (HIPC),HPC,2017,1976208.27
Croatia,HRV,2017,112975.48
Haiti,HTI,2017,36124.69
Hungary,HUN,2017,288707.45
IBRD only,IBD,2017,60572953.94
IDA & IBRD total,IBT,2017,66823385.07
IDA total,IDA,2017,6262131.91
IDA blend,IDB,2017,2723982.86
Indonesia,IDN,2017,2857305.08
IDA only,IDX,2017,3551038.02
Isle of Man,IMN,2017,
India,IND,2017,8354710.14
Not classified,INX,2017,
Ireland,IRL,2017,375788.56
"Iran, Islamic Rep.",IRN,2017,1281375.17
Iraq,IRQ,2017,400912.99
Iceland,ISL,2017,19106.26
Israel,ISR,2017,343723.47
Italy,ITA,2017,2517184.21
Jamaica,JAM,2017,27651.39
Jordan,JOR,2017,94825.38
Japan,JPN,2017,5262254.96
Kazakhstan,KAZ,2017,447143.87
Kenya,KEN,2017,205511.36
Kyrgyz Republic,KGZ,2017,31241.59
Cambodia,KHM,2017,61322.33
Kiribati,KIR,2017,307.64
St. Kitts and Nevis,KNA,2017,1391.67
"Korea, Rep.",KOR,2017,2103651.26
Kuwait,KWT,2017,193471.11
Latin America & Caribbean (excluding high income),LAC,2017,8835921.27
Lao PDR,LAO,2017,50122.95
Lebanon,LBN,2017,129139.85
Liberia,LBR,2017,8073.19
Libya,LBY,2017,121473.19
St. Lucia,LCA,2017,2844.57
Latin America & Caribbean,LCN,2017,10188888.13
Least developed countries: UN classification,LDC,2017,2973409.13
Low income,LIC,2017,1183950.73
Liechtenstein,LIE,2017,
Sri Lanka,LKA,2017,291985.46
Lower middle income,LMC,2017,17275526.7
Low & middle income,LMY,2017,59987301.86
Lesotho,LSO,2017,5649.08
Late-demographic dividend,LTE,2017,37435332.43
Lithuania,LTU,2017,95492.39
Luxembourg,LUX,2017,68570.2
Latvia,LVA,2017,55691.29
"Macao SAR, China",MAC,2017,78445.7
St. Martin (French part),MAF,2017,
Morocco,MAR,2017,291813.53
Monaco,MCO,2017,
Moldova,MDA,2017,31001.7
Madagascar,MDG,2017,41438.4
Maldives,MDV,2017,9059.37
Mexico,MEX,2017,2528308.61
Marshall Islands,MHL,2017,219.09
Middle income,MIC,2017,58840845.7
North Macedonia,MKD,2017,32579.96
Mali,MLI,2017,43345.51
Malta,MLT,2017,20352.97
Myanmar,MMR,2017,244240.02
Montenegro,MNE,2017,12248.57
Mongolia,MNG,2017,34940.5
Mozambique,MOZ,2017,36130.43
Mauritania,MRT,2017,22539.62
Mauritius,MUS,2017,28581.04
Malawi,MWI,2017,24899.0
Malaysia,MYS,2017,854693.62
North America,NAC,2017,21383311.97
Namibia,NAM,2017,24787.61
New Caledonia,NCL,2017,
Niger,NER,2017,25897.15
Nigeria,NGA,2017,1000651.05
Nicaragua,NIC,2017,39320.82
Netherlands,NLD,2017,943739.69
Norway,NOR,2017,340837.02
Nepal,NPL,2017,100972.41
Nauru,NRU,2017,109.28
New Zealand,NZL,2017,203167.25
OECD members,OED,2017,58689528.46
Oman,OMN,2017,152544.98
Other small states,OSS,2017,305281.34
Pakistan,PAK,2017,1069378.81
Panama,PAN,2017,137743.34
Peru,PER,2017,394435.33
Philippines,PHL,2017,840500.71
Palau,PLW,2017,320.34
Papua New Guinea,PNG,2017,36009.67
Poland,POL,2017,1137654.42
Pre-demographic dividend,PRE,2017,3205482.4
Puerto Rico,PRI,2017,108691.83
"Korea, Dem. People's Rep.",PRK,2017,
Portugal,PRT,2017,340370.5
Paraguay,PRY,2017,88597.62
West Bank and Gaza,PSE,2017,27203.92
Pacific island small states,PSS,2017,17664.67
Post-demographic dividend,PST,2017,52666456.92
French Polynesia,PYF,2017,
Qatar,QAT,2017,252948.45
Romania,ROU,2017,527734.76
Russian Federation,RUS,2017,3807101.26
Rwanda,RWA,2017,24012.96
South Asia,SAS,2017,10710168.14
Saudi Arabia,SAU,2017,1587211.43
Sudan,SDN,2017,181639.24
Senegal,SEN,2017,50051.75
Singapore,SGP,2017,536689.88
Solomon Islands,SLB,2017,1682.67
Sierra Leone,SLE,2017,11940.68
El Salvador,SLV,2017,55705.68
San Marino,SMR,2017,1774.58
Somalia,SOM,2017,25790.78
Serbia,SRB,2017,116612.61
South Sudan,SSD,2017,
Small states,SST,2017,374040.64
Sao Tome and Principe,STP,2017,711.21
Suriname,SUR,2017,10430.16
Slovak Republic,SVK,2017,163951.33
Slovenia,SVN,2017,75438.77
Sweden,SWE,2017,522476.84
Eswatini,SWZ,2017,9809.36
Sint Maarten (Dutch part),SXM,2017,1734.51
Seychelles,SYC,2017,2939.95
Syrian Arab Republic,SYR,2017,62769.89
Turks and Caicos Islands,TCA,2017,1031.79
Chad,TCD,2017,24544.44
East Asia & Pacific (IDA & IBRD countries),TEA,2017,27719122.36
Europe & Central Asia (IDA & IBRD countries),TEC,2017,10006835.03
Togo,TGO,2017,15997.66
Thailand,THA,2017,1250522.15
Tajikistan,TJK,2017,27412.33
Turkmenistan,TKM,2017,86403.38
Latin America & the Caribbean (IDA & IBRD countries),TLA,2017,9899220.61
Timor-Leste,TLS,2017,4371.25
Tonga,TON,2017,656.88
South Asia (IDA & IBRD),TSA,2017,10710168.14
Trinidad and Tobago,TTO,2017,38982.33
Tunisia,TUN,2017,131519.91
Turkiye,TUR,2017,2264269.91
Tuvalu,TUV,2017,45.68
Tanzania,TZA,2017,133500.82
Uganda,UGA,2017,86701.09
Ukraine,UKR,2017,496521.67
Upper middle income,UMC,2017,41542691.24
Uruguay,URY,2017,79989.66
United States,USA,2017,19612102.0
Uzbekistan,UZB,2017,221561.02
St. Vincent and the Grenadines,VCT,2017,1434.42
"Venezuela, RB",VEN,2017,
British Virgin Islands,VGB,2017,
Virgin Islands (U.S.),VIR,2017,3636.13
Viet Nam,VNM,2017,872747.36
Vanuatu,VUT,2017,876.16
Samoa,WSM,2017,1290.05
Kosovo,XKX,2017,16801.44
"Yemen, Rep.",YEM,2017,
Zambia,ZMB,2017,59154.46
Zimbabwe,ZWE,2017,35930.65
Aruba,ABW,2018,4278.67
Afghanistan,AFG,2018,89369.24
Angola,AGO,2018,229965.23
Albania,ALB,2018,38688.19
Andorra,AND,2018,4152.3
United Arab Emirates,ARE,2018,701667.87
Argentina,ARG,2018,1090043.17
Armenia,ARM,2018,38233.28
American Samoa,ASM,2018,
Antigua and Barbuda,ATG,2018,2229.89
Australia,AUS,2018,1254437.05
Austria,AUT,2018,503361.09
Azerbaijan,AZE,2018,151909.52
Burundi,BDI,2018,8935.57
Belgium,BEL,2018,600269.57
Benin,BEN,2018,36720.42
Burkina Faso,BFA,2018,42375.18
Bangladesh,BGD,2018,897767.81
Bulgaria,BGR,2018,161606.2
Bahrain,BHR,2018,74662.45
"Bahamas, The",BHS,2018,13615.03
Bosnia and Herzegovina,BIH,2018,50322.62
Belarus,BLR,2018,189021.4
Belize,BLZ,2018,3621.95
Bermuda,BMU,2018,5488.08
Bolivia,BOL,2018,103029.68
Brazil,BRA,2018,3187189.64
Barbados,BRB,2018,4743.58
Brunei Darussalam,BRN,2018,28522.87
Bhutan,BTN,2018,9093.98
Botswana,BWA,2018,36293.83
Canada,CAN,2018,1852985.93
Central Europe and the Baltics,CEB,2018,3283321.31
Switzerland,CHE,2018,601867.86
Channel Islands,CHI,2018,
Chile,CHL,2018,478093.91
China,CHN,2018,22453857.45
Cote d'Ivoire,CIV,2018,135827.51
Cameroon,CMR,2018,99492.54
"Congo, Dem. Rep.",COD,2018,96286.29
"Congo, Rep.",COG,2018,30668.14
Colombia,COL,2018,747103.67
Comoros,COM,2018,2549.76
Cabo Verde,CPV,2018,4064.41
Costa Rica,CRI,2018,106583.35
Caribbean small states,CSS,2018,53594.3
Cuba,CUB,2018,
Curacao,CUW,2018,3923.34
Cayman Islands,CYM,2018,4735.35
Cyprus,CYP,2018,35388.91
Czechia,CZE,2018,437355.92
Germany,DEU,2018,4576054.32
Djibouti,DJI,2018,5448.5
Dominica,DMA,2018,907.22
Denmark,DNK,2018,333035.36
Dominican Republic,DOM,2018,195301.14
Algeria,DZA,2018,583472.0
East Asia & Pacific (excluding high income),EAP,2018,30213438.85
Early-demographic dividend,EAR,2018,31581609.71
East Asia & Pacific,EAS,2018,41606757.25
Europe & Central Asia (excluding high income),ECA,2018,4454386.35
Europe & Central Asia,ECS,2018,32807484.66
Ecuador,ECU,2018,207780.86
"Egypt, Arab Rep.",EGY,2018,1302980.4
Euro area,EMU,2018,16380015.47
Eritrea,ERI,2018,
Spain,ESP,2018,1905449.21
Estonia,EST,2018,48133.34
Ethiopia,ETH,2018,236067.22
European Union,EUU,2018,19960542.91
Fragile and conflict affected situations,FCS,2018,4604001.48
Finland,FIN,2018,273456.04
Fiji,FJI,2018,12130.55
France,FRA,2018,3125379.88
Faroe Islands,FRO,2018,3005.35
"Micronesia, Fed. Sts.",FSM,2018,387.47
Gabon,GAB,2018,34140.59
United Kingdom,GBR,2018,3129649.83
Georgia,GEO,2018,55979.87
Ghana,GHA,2018,169624.93
Gibraltar,GIB,2018,
Guinea,GIN,2018,36138.28
"Gambia, The",GMB,2018,5465.02
Guinea-Bissau,GNB,2018,3955.76
Equatorial Guinea,GNQ,2018,29763.39
Greece,GRC,2018,317881.65
Grenada,GRD,2018,1848.15
Greenland,GRL,2018,3462.6
Guatemala,GTM,2018,167560.72
Guam,GUM,2018,
Guyana,GUY,2018,9848.94
High income,HIC,2018,66701856.07
"Hong Kong SAR, China",HKG,2018,453865.39
Honduras,HND,2018,55011.17
Heavily indebted poor countries (HIPC),HPC,2018,2116386.17
Croatia,HRV,2018,119186.55
Haiti,HTI,2018,35046.38
Hungary,HUN,2018,311927.14
IBRD only,IBD,2018,65400583.73
IDA & IBRD total,IBT,2018,72124824.61
IDA total,IDA,2018,6736859.96
IDA blend,IDB,2018,2878229.53
Indonesia,IDN,2018,3069918.63
IDA only,IDX,2018,3873689.3
Isle of Man,IMN,2018,
India,IND,2018,9230789.42
Not classified,INX,2018,
Ireland,IRL,2018,413324.39
"Iran, Islamic Rep.",IRN,2018,1277953.99
Iraq,IRQ,2018,484572.67
Iceland,ISL,2018,20174.85
Israel,ISR,2018,357371.97
Italy,ITA,2018,2600325.59
Jamaica,JAM,2018,28300.46
Jordan,JOR,2018,94604.33
Japan,JPN,2018,5344060.96
Kazakhstan,KAZ,2018,475138.15
Kenya,KEN,2018,221491.72
Kyrgyz Republic,KGZ,2018,30789.43
Cambodia,KHM,2018,67766.9
Kiribati,KIR,2018,325.47
St. Kitts and Nevis,KNA,2018,1447.61
"Korea, Rep.",KOR,2018,2220442.29
Kuwait,KWT,2018,221391.22
Latin America & Caribbean (excluding high income),LAC,2018,9309091.16
Lao PDR,LAO,2018,53366.71
Lebanon,LBN,2018,131563.78
Liberia,LBR,2018,8899.16
Libya,LBY,2018,129305.47
St. Lucia,LCA,2018,3085.99
Latin America & Caribbean,LCN,2018,10720443.27
Least developed countries: UN classification,LDC,2018,3270792.35
Low income,LIC,2018,1259169.07
Liechtenstein,LIE,2018,
Sri Lanka,LKA,2018,307237.75
Lower middle income,LMC,2018,18891921.48
Low & middle income,LMY,2018,64660852.42
Lesotho,LSO,2018,5747.87
Late-demographic dividend,LTE,2018,40695488.32
Lithuania,LTU,2018,101910.41
Luxembourg,LUX,2018,70825.27
Latvia,LVA,2018,59505.43
"Macao SAR, China",MAC,2018,85476.96
St. Martin (French part),MAF,2018,
Morocco,MAR,2018,283691.18
Monaco,MCO,2018,
Moldova,MDA,2018,32129.61
Madagascar,MDG,2018,42523.53
Maldives,MDV,2018,10360.6
Mexico,MEX,2018,2606266.1
Marshall Islands,MHL,2018,236.79
Middle income,MIC,2018,63440454.34
North Macedonia,MKD,2018,34870.46
Mali,MLI,2018,45991.75
Malta,MLT,2018,22230.63
Myanmar,MMR,2018,291745.89
Montenegro,MNE,2018,13385.28
Mongolia,MNG,2018,39516.81
Mozambique,MOZ,2018,38466.74
Mauritania,MRT,2018,23550.3
Mauritius,MUS,2018,29194.64
Malawi,MWI,2018,25272.19
Malaysia,MYS,2018,914713.18
North America,NAC,2018,22514990.01
Namibia,NAM,2018,25396.3
New Caledonia,NCL,2018,
Niger,NER,2018,28311.9
Nigeria,NGA,2018,1041739.01
Nicaragua,NIC,2018,37985.58
Netherlands,NLD,2018,996446.72
Norway,NOR,2018,373182.53
Nepal,NPL,2018,111086.75
Nauru,NRU,2018,110.84
New Zealand,NZL,2018,208272.45
OECD members,OED,2018,61307145.72
Oman,OMN,2018,173709.31
Other small states,OSS,2018,323623.83
Pakistan,PAK,2018,1129963.71
Panama,PAN,2018,135258.67
Peru,PER,2018,417164.01
Philippines,PHL,2018,914882.8
Palau,PLW,2018,329.76
Papua New Guinea,PNG,2018,36731.75
Poland,POL,2018,1216240.21
Pre-demographic dividend,PRE,2018,3468249.51
Puerto Rico,PRI,2018,110917.94
"Korea, Dem. People's Rep.",PRK,2018,
Portugal,PRT,2018,359198.92
Paraguay,PRY,2018,90877.35
West Bank and Gaza,PSE,2018,28400.61
Pacific island small states,PSS,2018,18244.06
Post-demographic dividend,PST,2018,55088094.75
French Polynesia,PYF,2018,
Qatar,QAT,2018,283965.16
Romania,ROU,2018,575768.57
Russian Federation,RUS,2018,4231842.33
Rwanda,RWA,2018,26543.18
South Asia,SAS,2018,11785669.26
Saudi Arabia,SAU,2018,1712131.09
Sudan,SDN,2018,185735.34
Senegal,SEN,2018,53794.44
Singapore,SGP,2018,585856.63
Solomon Islands,SLB,2018,1768.48
Sierra Leone,SLE,2018,12751.46
El Salvador,SLV,2018,57245.62
San Marino,SMR,2018,1880.1
Somalia,SOM,2018,25208.92
Serbia,SRB,2018,123708.9
South Sudan,SSD,2018,
Small states,SST,2018,395462.19
Sao Tome and Principe,STP,2018,828.35
Suriname,SUR,2018,10704.59
Slovak Republic,SVK,2018,170864.11
Slovenia,SVN,2018,80823.43
Sweden,SWE,2018,544594.05
Eswatini,SWZ,2018,10026.19
Sint Maarten (Dutch part),SXM,2018,1654.13
Seychelles,SYC,2018,3105.22
Syrian Arab Republic,SYR,2018,67658.92
Turks and Caicos Islands,TCA,2018,1111.83
Chad,TCD,2018,26393.92
East Asia & Pacific (IDA & IBRD countries),TEA,2018,30175961.38
Europe & Central Asia (IDA & IBRD countries),TEC,2018,10759030.21
Togo,TGO,2018,17071.65
Thailand,THA,2018,1347310.63
Tajikistan,TJK,2018,28565.17
Turkmenistan,TKM,2018,95629.64
Latin America & the Caribbean (IDA & IBRD countries),TLA,2018,10419647.51
Timor-Leste,TLS,2018,4573.75
Tonga,TON,2018,673.54
South Asia (IDA & IBRD),TSA,2018,11785669.26
Trinidad and Tobago,TTO,2018,40092.21
Tunisia,TUN,2018,139320.48
Turkiye,TUR,2018,2303774.94
Tuvalu,TUV,2018,47.38
Tanzania,TZA,2018,151987.44
Uganda,UGA,2018,96102.59
Ukraine,UKR,2018,537198.42
Upper middle income,UMC,2018,44523052.19
Uruguay,URY,2018,82780.57
United States,USA,2018,20656516.0
Uzbekistan,UZB,2018,237036.93
St. Vincent and the Grenadines,VCT,2018,1541.35
"Venezuela, RB",VEN,2018,
British Virgin Islands,VGB,2018,
Virgin Islands (U.S.),VIR,2018,3931.91
Viet Nam,VNM,2018,963332.82
Vanuatu,VUT,2018,922.23
Samoa,WSM,2018,1311.56
Kosovo,XKX,2018,18004.54
"Yemen, Rep.",YEM,2018,
Zambia,ZMB,2018,61869.93
Zimbabwe,ZWE,2018,39306.17
Aruba,ABW,2019,4270.96
Afghanistan,AFG,2019,97800.73
Angola,AGO,2019,243736.14
Albania,ALB,2019,41721.95
Andorra,AND,2019,4395.35
United Arab Emirates,ARE,2019,726238.68
Argentina,ARG,2019,1057633.16
Armenia,ARM,2019,44365.67
American Samoa,ASM,2019,
Antigua and Barbuda,ATG,2019,2424.23
Australia,AUS,2019,1336328.93
Austria,AUT,2019,537897.84
Azerbaijan,AZE,2019,167158.11
Burundi,BDI,2019,9549.33
Belgium,BEL,2019,650523.76
Benin,BEN,2019,40076.29
Burkina Faso,BFA,2019,46790.49
Bangladesh,BGD,2019,997249.7
Bulgaria,BGR,2019,178065.24
Bahrain,BHR,2019,80256.05
"Bahamas, The",BHS,2019,13974.09
Bosnia and Herzegovina,BIH,2019,54961.07
Belarus,BLR,2019,210075.46
Belize,BLZ,2019,4060.73
Bermuda,BMU,2019,5832.74
Bolivia,BOL,2019,107078.5
Brazil,BRA,2019,3333775.62
Barbados,BRB,2019,4891.71
Brunei Darussalam,BRN,2019,30701.49
Bhutan,BTN,2019,9873.19
Botswana,BWA,2019,37220.08
Canada,CAN,2019,1899695.37
Central Europe and the Baltics,CEB,2019,3633308.85
Switzerland,CHE,2019,632274.56
Channel Islands,CHI,2019,
Chile,CHL,2019,491687.97
China,CHN,2019,24300741.82
Cote d'Ivoire,CIV,2019,155523.65
Cameroon,CMR,2019,108174.2
"Congo, Dem. Rep.",COD,2019,108499.47
"Congo, Rep.",COG,2019,32125.05
Colombia,COL,2019,807590.6
Comoros,COM,2019,2605.74
Cabo Verde,CPV,2019,4444.82
Costa Rica,CRI,2019,116687.61
Caribbean small states,CSS,2019,57403.99
Cuba,CUB,2019,
Curacao,CUW,2019,3998.53
Cayman Islands,CYM,2019,4894.5
Cyprus,CYP,2019,39410.14
Czechia,CZE,2019,478737.96
Germany,DEU,2019,4840312.37
Djibouti,DJI,2019,5876.86
Dominica,DMA,2019,1032.24
Denmark,DNK,2019,353443.96
Dominican Republic,DOM,2019,214845.35
Algeria,DZA,2019,601470.92
East Asia & Pacific (excluding high income),EAP,2019,32623409.69
Early-demographic dividend,EAR,2019,33047116.72
East Asia & Pacific,EAS,2019,44308578.89
Europe & Central Asia (excluding high income),ECA,2019,4756895.54
Europe & Central Asia,ECS,2019,35303525.8
Ecuador,ECU,2019,217496.14
"Egypt, Arab Rep.",EGY,2019,1437311.65
Euro area,EMU,2019,17621624.8
Eritrea,ERI,2019,
Spain,ESP,2019,2061660.47
Estonia,EST,2019,52868.45
Ethiopia,ETH,2019,259534.67
European Union,EUU,2019,21560833.81
Fragile and conflict affected situations,FCS,2019,4922395.43
Finland,FIN,2019,290269.72
Fiji,FJI,2019,12094.69
France,FRA,2019,3452965.77
Faroe Islands,FRO,2019,3222.68
"Micronesia, Fed. Sts.",FSM,2019,410.05
Gabon,GAB,2019,36169.09
United Kingdom,GBR,2019,3335878.39
Georgia,GEO,2019,62387.6
Ghana,GHA,2019,187633.39
Gibraltar,GIB,2019,
Guinea,GIN,2019,40482.44
"Gambia, The",GMB,2019,5949.8
Guinea-Bissau,GNB,2019,4117.99
Equatorial Guinea,GNQ,2019,27476.69
Greece,GRC,2019,338922.2
Grenada,GRD,2019,1907.44
Greenland,GRL,2019,3613.25
Guatemala,GTM,2019,183966.42
Guam,GUM,2019,
Guyana,GUY,2019,10694.27
High income,HIC,2019,70159621.86
"Hong Kong SAR, China",HKG,2019,459644.3
Honduras,HND,2019,57523.23
Heavily indebted poor countries (HIPC),HPC,2019,2288263.82
Croatia,HRV,2019,131427.84
Haiti,HTI,2019,35947.13
Hungary,HUN,2019,343481.05
IBRD only,IBD,2019,69785982.2
IDA & IBRD total,IBT,2019,77002912.7
IDA total,IDA,2019,7230420.21
IDA blend,IDB,2019,3044282.95
Indonesia,IDN,2019,3266185.83
IDA only,IDX,2019,4203322.27
Isle of Man,IMN,2019,
India,IND,2019,9932850.52
Not classified,INX,2019,
Ireland,IRL,2019,448732.01
"Iran, Islamic Rep.",IRN,2019,1162001.17
Iraq,IRQ,2019,504546.09
Iceland,ISL,2019,21822.65
Israel,ISR,2019,375862.79
Italy,ITA,2019,2775612.62
Jamaica,JAM,2019,28468.53
Jordan,JOR,2019,100625.61
Japan,JPN,2019,5404462.31
Kazakhstan,KAZ,2019,551108.13
Kenya,KEN,2019,240007.0
Kyrgyz Republic,KGZ,2019,34955.98
Cambodia,KHM,2019,74895.4
Kiribati,KIR,2019,341.89
St. Kitts and Nevis,KNA,2019,1525.1
"Korea, Rep.",KOR,2019,2270666.07
Kuwait,KWT,2019,221784.65
Latin America & Caribbean (excluding high income),LAC,2019,9615463.35
Lao PDR,LAO,2019,56042.6
Lebanon,LBN,2019,125803.33
Liberia,LBR,2019,9580.66
Libya,LBY,2019,117161.52
St. Lucia,LCA,2019,3318.85
Latin America & Caribbean,LCN,2019,11079381.14
Least developed countries: UN classification,LDC,2019,3562172.38
Low income,LIC,2019,1351612.59
Liechtenstein,LIE,2019,
Sri Lanka,LKA,2019,307704.7
Lower middle income,LMC,2019,20352914.74
Low & middle income,LMY,2019,68904046.73
Lesotho,LSO,2019,5674.51
Late-demographic dividend,LTE,2019,43832638.0
Lithuania,LTU,2019,113379.94
Luxembourg,LUX,2019,75270.49
Latvia,LVA,2019,63719.76
"Macao SAR, China",MAC,2019,84779.83
St. Martin (French part),MAF,2019,
Morocco,MAR,2019,295693.59
Monaco,MCO,2019,
Moldova,MDA,2019,35735.83
Madagascar,MDG,2019,45498.32
Maldives,MDV,2019,11255.47
Mexico,MEX,2019,2638763.91
Marshall Islands,MHL,2019,265.7
Middle income,MIC,2019,67594697.63
North Macedonia,MKD,2019,37941.42
Mali,MLI,2019,50134.29
Malta,MLT,2019,25368.27
Myanmar,MMR,2019,321180.6
Montenegro,MNE,2019,15015.64
Mongolia,MNG,2019,44456.62
Mozambique,MOZ,2019,41503.34
Mauritania,MRT,2019,25064.43
Mauritius,MUS,2019,30417.97
Malawi,MWI,2019,27651.03
Malaysia,MYS,2019,967567.81
North America,NAC,2019,23426923.11
Namibia,NAM,2019,25469.88
New Caledonia,NCL,2019,
Niger,NER,2019,32566.72
Nigeria,NGA,2019,1123347.54
Nicaragua,NIC,2019,38779.47
Netherlands,NLD,2019,1059591.13
Norway,NOR,2019,379377.63
Nepal,NPL,2019,121063.06
Nauru,NRU,2019,122.33
New Zealand,NZL,2019,224879.08
OECD members,OED,2019,64344336.42
Oman,OMN,2019,171026.53
Other small states,OSS,2019,352777.92
Pakistan,PAK,2019,1162667.38
Panama,PAN,2019,140644.91
Peru,PER,2019,440127.33
Philippines,PHL,2019,988832.2
Palau,PLW,2019,338.34
Papua New Guinea,PNG,2019,39021.66
Poland,POL,2019,1347315.4
Pre-demographic dividend,PRE,2019,3719945.7
Puerto Rico,PRI,2019,119615.94
"Korea, Dem. People's Rep.",PRK,2019,
Portugal,PRT,2019,389285.78
Paraguay,PRY,2019,92185.46
West Bank and Gaza,PSE,2019,30494.07
Pacific island small states,PSS,2019,18508.17
Post-demographic dividend,PST,2019,57903433.77
French Polynesia,PYF,2019,
Qatar,QAT,2019,283662.14
Romania,ROU,2019,649906.99
Russian Federation,RUS,2019,4579553.86
Rwanda,RWA,2019,29845.48
South Asia,SAS,2019,12640464.75
Saudi Arabia,SAU,2019,1689230.61
Sudan,SDN,2019,178285.83
Senegal,SEN,2019,59654.66
Singapore,SGP,2019,601968.44
Solomon Islands,SLB,2019,1829.61
Sierra Leone,SLE,2019,13065.24
El Salvador,SLV,2019,60709.61
San Marino,SMR,2019,1991.19
Somalia,SOM,2019,27012.25
Serbia,SRB,2019,136739.54
South Sudan,SSD,2019,
Small states,SST,2019,428690.08
Sao Tome and Principe,STP,2019,993.44
Suriname,SUR,2019,11976.97
Slovak Republic,SVK,2019,185132.02
Slovenia,SVN,2019,89274.2
Sweden,SWE,2019,588258.41
Eswatini,SWZ,2019,10624.11
Sint Maarten (Dutch part),SXM,2019,1846.23
Seychelles,SYC,2019,3340.64
Syrian Arab Republic,SYR,2019,71281.64
Turks and Caicos Islands,TCA,2019,1154.79
Chad,TCD,2019,29785.91
East Asia & Pacific (IDA & IBRD countries),TEA,2019,32582927.77
Europe & Central Asia (IDA & IBRD countries),TEC,2019,11643164.87
Togo,TGO,2019,18743.27
Thailand,THA,2019,1427827.12
Tajikistan,TJK,2019,32973.43
Turkmenistan,TKM,2019,105309.57
Latin America & the Caribbean (IDA & IBRD countries),TLA,2019,10763225.99
Timor-Leste,TLS,2019,5911.82
Tonga,TON,2019,689.69
South Asia (IDA & IBRD),TSA,2019,12640464.75
Trinidad and Tobago,TTO,2019,40493.71
Tunisia,TUN,2019,148376.29
Turkiye,TUR,2019,2350308.23
Tuvalu,TUV,2019,54.83
Tanzania,TZA,2019,171137.21
Uganda,UGA,2019,104978.22
Ukraine,UKR,2019,604396.09
Upper middle income,UMC,2019,47213721.03
Uruguay,URY,2019,87589.21
United States,USA,2019,21521395.0
Uzbekistan,UZB,2019,252312.59
St. Vincent and the Grenadines,VCT,2019,1598.38
"Venezuela, RB",VEN,2019,
British Virgin Islands,VGB,2019,
Virgin Islands (U.S.),VIR,2019,4269.08
Viet Nam,VNM,2019,1071756.12
Vanuatu,VUT,2019,968.1
Samoa,WSM,2019,1392.94
Kosovo,XKX,2019,19429.24
"Yemen, Rep.",YEM,2019,
Zambia,ZMB,2019,62232.37
Zimbabwe,ZWE,2019,41634.47
Aruba,ABW,2020,3244.15
Afghanistan,AFG,2020,100094.01
Angola,AGO,2020,215784.89
Albania,ALB,2020,40968.56
Andorra,AND,2020,4031.18
United Arab Emirates,ARE,2020,614384.48
Argentina,ARG,2020,1011999.4
Armenia,ARM,2020,43552.76
American Samoa,ASM,2020,
Antigua and Barbuda,ATG,2020,2053.38
Australia,AUS,2020,1386702.98
Austria,AUT,2020,522624.84
Azerbaijan,AZE,2020,153047.75
Burundi,BDI,2020,9923.5
Belgium,BEL,2020,643057.4
Benin,BEN,2020,42407.31
Burkina Faso,BFA,2020,51134.81
Bangladesh,BGD,2020,1104316.06
Bulgaria,BGR,2020,178446.88
Bahrain,BHR,2020,75999.83
"Bahamas, The",BHS,2020,10348.43
Bosnia and Herzegovina,BIH,2020,54007.86
Belarus,BLR,2020,233301.35
Belize,BLZ,2020,3767.81
Bermuda,BMU,2020,5481.72
Bolivia,BOL,2020,98004.28
Brazil,BRA,2020,3359777.23
Barbados,BRB,2020,4122.57
Brunei Darussalam,BRN,2020,31223.41
Bhutan,BTN,2020,9605.86
Botswana,BWA,2020,36179.97
Canada,CAN,2020,1847837.5
Central Europe and the Baltics,CEB,2020,3663193.09
Switzerland,CHE,2020,630567.39
Channel Islands,CHI,2020,
Chile,CHL,2020,491062.05
China,CHN,2020,25246667.83
Cote d'Ivoire,CIV,2020,160302.94
Cameroon,CMR,2020,114420.8
"Congo, Dem. Rep.",COD,2020,109045.44
"Congo, Rep.",COG,2020,27446.36
Colombia,COL,2020,785737.56
Comoros,COM,2020,2616.33
Cabo Verde,CPV,2020,3526.88
Costa Rica,CRI,2020,111257.81
Caribbean small states,CSS,2020,52371.09
Cuba,CUB,2020,
Curacao,CUW,2020,3377.38
Cayman Islands,CYM,2020,4541.29
Cyprus,CYP,2020,38174.32
Czechia,CZE,2020,469877.0
Germany,DEU,2020,4815445.17
Djibouti,DJI,2020,6188.06
Dominica,DMA,2020,917.49
Denmark,DNK,2020,364633.32
Dominican Republic,DOM,2020,209932.48
Algeria,DZA,2020,558300.14
East Asia & Pacific (excluding high income),EAP,2020,33422516.35
Early-demographic dividend,EAR,2020,32613787.02
East Asia & Pacific,EAS,2020,45214861.41
Europe & Central Asia (excluding high income),ECA,2020,4879553.72
Europe & Central Asia,ECS,2020,34885886.2
Ecuador,ECU,2020,202250.0
"Egypt, Arab Rep.",EGY,2020,1665073.26
Euro area,EMU,2020,17100154.35
Eritrea,ERI,2020,
Spain,ESP,2020,1845713.58
Estonia,EST,2020,53241.22
Ethiopia,ETH,2020,286209.79
European Union,EUU,2020,21089190.0
Fragile and conflict affected situations,FCS,2020,4889896.05
Finland,FIN,2020,296764.04
Fiji,FJI,2020,10279.86
France,FRA,2020,3344383.97
Faroe Islands,FRO,2020,3231.0
"Micronesia, Fed. Sts.",FSM,2020,407.32
Gabon,GAB,2020,33563.08
United Kingdom,GBR,2020,3220293.64
Georgia,GEO,2020,62509.09
Ghana,GHA,2020,192835.18
Gibraltar,GIB,2020,
Guinea,GIN,2020,44832.75
"Gambia, The",GMB,2020,6366.83
Guinea-Bissau,GNB,2020,4200.66
Equatorial Guinea,GNQ,2020,23476.32
Greece,GRC,2020,311203.07
Grenada,GRD,2020,1670.79
Greenland,GRL,2020,3655.83
Guatemala,GTM,2020,190006.6
Guam,GUM,2020,
Guyana,GUY,2020,13581.36
High income,HIC,2020,68965101.61
"Hong Kong SAR, China",HKG,2020,435300.51
Honduras,HND,2020,54491.21
Heavily indebted poor countries (HIPC),HPC,2020,2347698.27
Croatia,HRV,2020,124218.48
Haiti,HTI,2020,34891.69
Hungary,HUN,2020,341546.87
IBRD only,IBD,2020,70425983.67
IDA & IBRD total,IBT,2020,77841943.17
IDA total,IDA,2020,7429467.06
IDA blend,IDB,2020,3106570.1
Indonesia,IDN,2020,3223404.54
IDA only,IDX,2020,4341046.24
Isle of Man,IMN,2020,
India,IND,2020,9771021.18
Not classified,INX,2020,
Ireland,IRL,2020,483914.61
"Iran, Islamic Rep.",IRN,2020,1237805.78
Iraq,IRQ,2020,445338.05
Iceland,ISL,2020,20447.44
Israel,ISR,2020,379703.38
Italy,ITA,2020,2627330.09
Jamaica,JAM,2020,25451.63
Jordan,JOR,2020,104080.2
Japan,JPN,2020,5358320.69
Kazakhstan,KAZ,2020,565757.23
Kenya,KEN,2020,250255.39
Kyrgyz Republic,KGZ,2020,34834.09
Cambodia,KHM,2020,73855.51
Kiribati,KIR,2020,344.18
St. Kitts and Nevis,KNA,2020,1280.77
"Korea, Rep.",KOR,2020,2340031.08
Kuwait,KWT,2020,176638.96
Latin America & Caribbean (excluding high income),LAC,2020,9320095.97
Lao PDR,LAO,2020,58135.96
Lebanon,LBN,2020,92719.31
Liberia,LBR,2020,8545.64
Libya,LBY,2020,108205.6
St. Lucia,LCA,2020,2655.53
Latin America & Caribbean,LCN,2020,10734843.09
Least developed countries: UN classification,LDC,2020,3689516.58
Low income,LIC,2020,1378715.13
Liechtenstein,LIE,2020,
Sri Lanka,LKA,2020,283651.69
Lower middle income,LMC,2020,20514318.19
Low & middle income,LMY,2020,69659246.62
Lesotho,LSO,2020,5720.44
Late-demographic dividend,LTE,2020,44595040.68
Lithuania,LTU,2020,115060.43
Luxembourg,LUX,2020,76983.05
Latvia,LVA,2020,64107.97
"Macao SAR, China",MAC,2020,39219.15
St. Martin (French part),MAF,2020,
Morocco,MAR,2020,286108.59
Monaco,MCO,2020,
Moldova,MDA,2020,35646.57
Madagascar,MDG,2020,43150.15
Maldives,MDV,2020,6741.12
Mexico,MEX,2020,2453576.08
Marshall Islands,MHL,2020,261.55
Middle income,MIC,2020,68324428.2
North Macedonia,MKD,2020,37050.81
Mali,MLI,2020,49903.86
Malta,MLT,2020,23945.9
Myanmar,MMR,2020,304367.35
Montenegro,MNE,2020,13049.78
Mongolia,MNG,2020,45560.0
Mozambique,MOZ,2020,43454.88
Mauritania,MRT,2020,26408.15
Mauritius,MUS,2020,26999.3
Malawi,MWI,2020,30246.84
Malaysia,MYS,2020,931106.66
North America,NAC,2020,23176269.22
Namibia,NAM,2020,25525.2
New Caledonia,NCL,2020,
Niger,NER,2020,35501.32
Nigeria,NGA,2020,1145672.54
Nicaragua,NIC,2020,41045.84
Netherlands,NLD,2020,1065124.6
Norway,NOR,2020,361019.82
Nepal,NPL,2020,122690.09
Nauru,NRU,2020,125.9
New Zealand,NZL,2020,230501.91
OECD members,OED,2020,63395236.68
Oman,OMN,2020,159025.85
Other small states,OSS,2020,336703.95
Pakistan,PAK,2020,1186293.82
Panama,PAN,2020,116045.91
Peru,PER,2020,412561.04
Philippines,PHL,2020,923366.7
Palau,PLW,2020,316.87
Papua New Guinea,PNG,2020,38284.7
Poland,POL,2020,1376571.68
Pre-demographic dividend,PRE,2020,3698712.58
Puerto Rico,PRI,2020,120954.84
"Korea, Dem. People's Rep.",PRK,2020,
Portugal,PRT,2020,369405.52
Paraguay,PRY,2020,94492.1
West Bank and Gaza,PSE,2020,28609.64
Pacific island small states,PSS,2020,16581.54
Post-demographic dividend,PST,2020,57021566.55
French Polynesia,PYF,2020,
Qatar,QAT,2020,229537.46
Romania,ROU,2020,660666.46
Russian Federation,RUS,2020,4651428.69
Rwanda,RWA,2020,29854.12
South Asia,SAS,2020,12584413.83
Saudi Arabia,SAU,2020,1433571.62
Sudan,SDN,2020,156677.4
Senegal,SEN,2020,63008.59
Singapore,SGP,2020,577746.73
Solomon Islands,SLB,2020,1791.09
Sierra Leone,SLE,2020,13069.48
El Salvador,SLV,2020,58560.35
San Marino,SMR,2020,1919.53
Somalia,SOM,2020,25832.27
Serbia,SRB,2020,138434.05
South Sudan,SSD,2020,
Small states,SST,2020,405656.59
Sao Tome and Principe,STP,2020,1118.6
Suriname,SUR,2020,10376.87
Slovak Republic,SVK,2020,191068.49
Slovenia,SVN,2020,88387.61
Sweden,SWE,2020,597293.43
Eswatini,SWZ,2020,10717.08
Sint Maarten (Dutch part),SXM,2020,1595.27
Seychelles,SYC,2020,3057.83
Syrian Arab Republic,SYR,2020,72851.41
Turks and Caicos Islands,TCA,2020,731.19
Chad,TCD,2020,27018.64
East Asia & Pacific (IDA & IBRD countries),TEA,2020,33381013.64
Europe & Central Asia (IDA & IBRD countries),TEC,2020,11870224.17
Togo,TGO,2020,20432.44
Thailand,THA,2020,1372918.88
Tajikistan,TJK,2020,35623.59
Turkmenistan,TKM,2020,
Latin America & the Caribbean (IDA & IBRD countries),TLA,2020,10428568.17
Timor-Leste,TLS,2020,8131.47
Tonga,TON,2020,702.21
South Asia (IDA & IBRD),TSA,2020,12584413.83
Trinidad and Tobago,TTO,2020,36393.09
Tunisia,TUN,2020,142707.72
Turkiye,TUR,2020,2391489.38
Tuvalu,TUV,2020,53.18
Tanzania,TZA,2020,194561.91
Uganda,UGA,2020,112575.27
Ukraine,UKR,2020,656105.59
Upper middle income,UMC,2020,47782114.36
Uruguay,URY,2020,87617.73
United States,USA,2020,21322950.0
Uzbekistan,UZB,2020,257295.47
St. Vincent and the Grenadines,VCT,2020,1596.08
"Venezuela, RB",VEN,2020,
British Virgin Islands,VGB,2020,
Virgin Islands (U.S.),VIR,2020,4395.54
Viet Nam,VNM,2020,1138632.49
Vanuatu,VUT,2020,931.91
Samoa,WSM,2020,1367.47
Kosovo,XKX,2020,18854.78
"Yemen, Rep.",YEM,2020,
Zambia,ZMB,2020,60176.23
Zimbabwe,ZWE,2020,43638.02
Aruba,ABW,2021,4072.5
Afghanistan,AFG,2021,85767.55
Angola,AGO,2021,255820.61
Albania,ALB,2021,45722.76
Andorra,AND,2021,4649.56
United Arab Emirates,ARE,2021,645375.98
Argentina,ARG,2021,1195003.73
Armenia,ARM,2021,47164.87
American Samoa,ASM,2021,
Antigua and Barbuda,ATG,2021,2376.44
Australia,AUS,2021,1474501.35
Austria,AUT,2021,567987.42
Azerbaijan,AZE,2021,203884.1
Burundi,BDI,2021,10847.77
Belgium,BEL,2021,719771.06
Benin,BEN,2021,46467.95
Burkina Faso,BFA,2021,54538.75
Bangladesh,BGD,2021,1247561.12
Bulgaria,BGR,2021,202239.76
Bahrain,BHR,2021,79531.14
"Bahamas, The",BHS,2021,11629.77
Bosnia and Herzegovina,BIH,2021,60173.8
Belarus,BLR,2021,256855.35
Belize,BLZ,2021,4624.31
Bermuda,BMU,2021,5965.47
Bolivia,BOL,2021,112858.17
Brazil,BRA,2021,3787769.51
Barbados,BRB,2021,4148.37
Brunei Darussalam,BRN,2021,35346.62
Bhutan,BTN,2021,10436.53
Botswana,BWA,2021,43133.14
Canada,CAN,2021,2133084.58
Central Europe and the Baltics,CEB,2021,4046609.68
Switzerland,CHE,2021,710318.87
Channel Islands,CHI,2021,
Chile,CHL,2021,566278.57
China,CHN,2021,28821648.7
Cote d'Ivoire,CIV,2021,179178.27
Cameroon,CMR,2021,128969.41
"Congo, Dem. Rep.",COD,2021,130243.84
"Congo, Rep.",COG,2021,36903.99
Colombia,COL,2021,906033.72
Comoros,COM,2021,2815.51
Cabo Verde,CPV,2021,3970.66
Costa Rica,CRI,2021,122150.31
Caribbean small states,CSS,2021,61810.53
Cuba,CUB,2021,
Curacao,CUW,2021,3834.21
Cayman Islands,CYM,2021,5198.57
Cyprus,CYP,2021,43637.41
Czechia,CZE,2021,508669.69
Germany,DEU,2021,5153136.08
Djibouti,DJI,2021,6669.03
Dominica,DMA,2021,1047.97
Denmark,DNK,2021,409262.26
Dominican Republic,DOM,2021,243740.49
Algeria,DZA,2021,649014.84
East Asia & Pacific (excluding high income),EAP,2021,37597004.98
Early-demographic dividend,EAR,2021,36678076.95
East Asia & Pacific,EAS,2021,50267179.18
Europe & Central Asia (excluding high income),ECA,2021,5502272.75
Europe & Central Asia,ECS,2021,39244793.85
Ecuador,ECU,2021,239415.31
"Egypt, Arab Rep.",EGY,2021,1728601.01
Euro area,EMU,2021,18807129.11
Eritrea,ERI,2021,
Spain,ESP,2021,2068305.58
Estonia,EST,2021,59428.77
Ethiopia,ETH,2021,316145.11
European Union,EUU,2021,23216069.68
Fragile and conflict affected situations,FCS,2021,5238586.45
Finland,FIN,2021,320209.3
Fiji,FJI,2021,9795.24
France,FRA,2021,3648077.71
Faroe Islands,FRO,2021,3603.02
"Micronesia, Fed. Sts.",FSM,2021,437.92
Gabon,GAB,2021,45775.58
United Kingdom,GBR,2021,3541778.83
Georgia,GEO,2021,70150.78
Ghana,GHA,2021,214867.18
Gibraltar,GIB,2021,
Guinea,GIN,2021,50542.88
"Gambia, The",GMB,2021,7155.63
Guinea-Bissau,GNB,2021,4694.37
Equatorial Guinea,GNQ,2021,29585.33
Greece,GRC,2021,348976.77
Grenada,GRD,2021,1785.11
Greenland,GRL,2021,3857.3
Guatemala,GTM,2021,207137.81
Guam,GUM,2021,
Guyana,GUY,2021,18646.75
High income,HIC,2021,76756607.52
"Hong Kong SAR, China",HKG,2021,488411.63
Honduras,HND,2021,63827.91
Heavily indebted poor countries (HIPC),HPC,2021,2578178.6
Croatia,HRV,2021,144424.53
Haiti,HTI,2021,35658.76
Hungary,HUN,2021,375267.85
IBRD only,IBD,2021,80060081.51
IDA & IBRD total,IBT,2021,88096595.45
IDA total,IDA,2021,8052183.24
IDA blend,IDB,2021,3360133.9
Indonesia,IDN,2021,3530623.14
IDA only,IDX,2021,4711875.51
Isle of Man,IMN,2021,
India,IND,2021,11384367.63
Not classified,INX,2021,
Ireland,IRL,2021,574387.42
"Iran, Islamic Rep.",IRN,2021,1322577.16
Iraq,IRQ,2021,548372.04
Iceland,ISL,2021,23083.73
Israel,ISR,2021,432271.22
Italy,ITA,2021,2950840.66
Jamaica,JAM,2021,27176.95
Jordan,JOR,2021,101616.77
Japan,JPN,2021,5599031.81
Kazakhstan,KAZ,2021,650469.81
Kenya,KEN,2021,284129.27
Kyrgyz Republic,KGZ,2021,39301.9
Cambodia,KHM,2021,77441.5
Kiribati,KIR,2021,391.31
St. Kitts and Nevis,KNA,2021,1257.77
"Korea, Rep.",KOR,2021,2514520.65
Kuwait,KWT,2021,211098.9
Latin America & Caribbean (excluding high income),LAC,2021,10541837.79
Lao PDR,LAO,2021,60225.05
Lebanon,LBN,2021,66328.93
Liberia,LBR,2021,8095.2
Libya,LBY,2021,122390.24
St. Lucia,LCA,2021,3350.83
Latin America & Caribbean,LCN,2021,12157408.34
Least developed countries: UN classification,LDC,2021,4006049.67
Low income,LIC,2021,1457761.69
Liechtenstein,LIE,2021,
Sri Lanka,LKA,2021,317188.32
Lower middle income,LMC,2021,22923861.89
Low & middle income,LMY,2021,78391082.11
Lesotho,LSO,2021,5742.37
Late-demographic dividend,LTE,2021,50891046.65
Lithuania,LTU,2021,129987.13
Luxembourg,LUX,2021,88295.13
Latvia,LVA,2021,69307.57
"Macao SAR, China",MAC,2021,50626.34
St. Martin (French part),MAF,2021,
Morocco,MAR,2021,323019.85
Monaco,MCO,2021,
Moldova,MDA,2021,40707.66
Madagascar,MDG,2021,47488.3
Maldives,MDV,2021,9837.66
Mexico,MEX,2021,2677522.3
Marshall Islands,MHL,2021,276.58
Middle income,MIC,2021,76973791.14
North Macedonia,MKD,2021,41098.99
Mali,MLI,2021,52560.16
Malta,MLT,2021,27737.63
Myanmar,MMR,2021,276462.29
Montenegro,MNE,2021,15176.82
Mongolia,MNG,2021,50053.15
Mozambique,MOZ,2021,46205.73
Mauritania,MRT,2021,27635.4
Mauritius,MUS,2021,28793.36
Malawi,MWI,2021,34385.89
Malaysia,MYS,2021,1022529.03
North America,NAC,2021,25733081.06
Namibia,NAM,2021,27287.89
New Caledonia,NCL,2021,
Niger,NER,2021,38850.57
Nigeria,NGA,2021,1200097.35
Nicaragua,NIC,2021,47088.77
Netherlands,NLD,2021,1186870.07
Norway,NOR,2021,482471.57
Nepal,NPL,2021,134000.17
Nauru,NRU,2021,141.88
New Zealand,NZL,2021,246334.2
OECD members,OED,2021,69757608.01
Oman,OMN,2021,175986.43
Other small states,OSS,2021,374301.84
Pakistan,PAK,2021,1285342.89
Panama,PAN,2021,134436.02
Peru,PER,2021,506697.26
Philippines,PHL,2021,1001824.46
Palau,PLW,2021,284.45
Papua New Guinea,PNG,2021,39727.52
Poland,POL,2021,1527350.13
Pre-demographic dividend,PRE,2021,4074423.56
Puerto Rico,PRI,2021,132333.84
"Korea, Dem. People's Rep.",PRK,2021,
Portugal,PRT,2021,401863.01
Paraguay,PRY,2021,102977.62
West Bank and Gaza,PSE,2021,27878.13
Pacific island small states,PSS,2021,16308.5
Post-demographic dividend,PST,2021,62744398.48
French Polynesia,PYF,2021,
Qatar,QAT,2021,292655.07
Romania,ROU,2021,726048.4
Russian Federation,RUS,2021,5732443.75
Rwanda,RWA,2021,36474.42
South Asia,SAS,2021,14474501.87
Saudi Arabia,SAU,2021,1716790.72
Sudan,SDN,2021,156168.26
Senegal,SEN,2021,71874.34
Singapore,SGP,2021,719129.53
Solomon Islands,SLB,2021,1921.24
Sierra Leone,SLE,2021,13674.92
El Salvador,SLV,2021,67623.21
San Marino,SMR,2021,2217.65
Somalia,SOM,2021,24949.35
Serbia,SRB,2021,154279.65
South Sudan,SSD,2021,
Small states,SST,2021,452420.87
Sao Tome and Principe,STP,2021,1272.43
Suriname,SUR,2021,11307.94
Slovak Republic,SVK,2021,205855.75
Slovenia,SVN,2021,98030.1
Sweden,SWE,2021,660102.49
Eswatini,SWZ,2021,12164.16
Sint Maarten (Dutch part),SXM,2021,1683.92
Seychelles,SYC,2021,2975.74
Syrian Arab Republic,SYR,2021,62150.52
Turks and Caicos Islands,TCA,2021,958.81
Chad,TCD,2021,30311.04
East Asia & Pacific (IDA & IBRD countries),TEA,2021,37550246.83
Europe & Central Asia (IDA & IBRD countries),TEC,2021,13838130.87
Togo,TGO,2021,22881.38
Thailand,THA,2021,1452137.22
Tajikistan,TJK,2021,39727.22
Turkmenistan,TKM,2021,
Latin America & the Caribbean (IDA & IBRD countries),TLA,2021,11815122.15
Timor-Leste,TLS,2021,9206.97
Tonga,TON,2021,714.82
South Asia (IDA & IBRD),TSA,2021,14474501.87
Trinidad and Tobago,TTO,2021,42156.63
Tunisia,TUN,2021,149105.83
Turkiye,TUR,2021,2662213.34
Tuvalu,TUV,2021,56.62
Tanzania,TZA,2021,212790.08
Uganda,UGA,2021,123267.19
Ukraine,UKR,2021,746470.6
Upper middle income,UMC,2021,54019575.87
Uruguay,URY,2021,100003.72
United States,USA,2021,23594031.0
Uzbekistan,UZB,2021,284983.88
St. Vincent and the Grenadines,VCT,2021,1635.27
"Venezuela, RB",VEN,2021,
British Virgin Islands,VGB,2021,
Virgin Islands (U.S.),VIR,2021,4895.22
Viet Nam,VNM,2021,1192059.3
Vanuatu,VUT,2021,959.51
Samoa,WSM,2021,1328.92
Kosovo,XKX,2021,22080.26
"Yemen, Rep.",YEM,2021,
Zambia,ZMB,2021,68672.12
Zimbabwe,ZWE,2021,52399.07
Aruba,ABW,2022,4815.15
Afghanistan,AFG,2022,86077.58
Angola,AGO,2022,282172.32
Albania,ALB,2022,54144.89
Andorra,AND,2022,5452.92
United Arab Emirates,ARE,2022,745049.1
Argentina,ARG,2022,1342543.37
Armenia,ARM,2022,56846.96
American Samoa,ASM,2022,
Antigua and Barbuda,ATG,2022,2785.85
Australia,AUS,2022,1700455.87
Austria,AUT,2022,641751.89
Azerbaijan,AZE,2022,228529.2
Burundi,BDI,2022,11826.26
Belgium,BEL,2022,797839.61
Benin,BEN,2022,52850.12
Burkina Faso,BFA,2022,59416.77
Bangladesh,BGD,2022,1430213.5
Bulgaria,BGR,2022,229275.32
Bahrain,BHR,2022,89295.13
"Bahamas, The",BHS,2022,13790.84
Bosnia and Herzegovina,BIH,2022,67899.27
Belarus,BLR,2022,262133.2
Belize,BLZ,2022,5382.25
Bermuda,BMU,2022,6796.16
Bolivia,BOL,2022,125160.37
Brazil,BRA,2022,4176778.23
Barbados,BRB,2022,5039.07
Brunei Darussalam,BRN,2022,37219.3
Bhutan,BTN,2022,11753.83
Botswana,BWA,2022,48703.06
Canada,CAN,2022,2415839.86
Central Europe and the Baltics,CEB,2022,4521232.97
Switzerland,CHE,2022,796369.09
Channel Islands,CHI,2022,
Chile,CHL,2022,619206.19
China,CHN,2022,31773150.45
Cote d'Ivoire,CIV,2022,203719.74
Cameroon,CMR,2022,142996.24
"Congo, Dem. Rep.",COD,2022,151856.31
"Congo, Rep.",COG,2022,40085.21
Colombia,COL,2022,1092241.97
Comoros,COM,2022,3085.71
Cabo Verde,CPV,2022,4991.44
Costa Rica,CRI,2022,135640.02
Caribbean small states,CSS,2022,82852.68
Cuba,CUB,2022,
Curacao,CUW,2022,4428.41
Cayman Islands,CYM,2022,5851.53
Cyprus,CYP,2022,49081.8
Czechia,CZE,2022,551769.3
Germany,DEU,2022,5582288.43
Djibouti,DJI,2022,7404.76
Dominica,DMA,2022,1184.39
Denmark,DNK,2022,460163.45
Dominican Republic,DOM,2022,273577.8
Algeria,DZA,2022,719721.78
East Asia & Pacific (excluding high income),EAP,2022,41709705.19
Early-demographic dividend,EAR,2022,41859153.05
East Asia & Pacific,EAS,2022,55316986.63
Europe & Central Asia (excluding high income),ECA,2022,6145029.01
Europe & Central Asia,ECS,2022,43193989.35
Ecuador,ECU,2022,272125.99
"Egypt, Arab Rep.",EGY,2022,1972207.97
Euro area,EMU,2022,20737642.82
Eritrea,ERI,2022,
Spain,ESP,2022,2326112.2
Estonia,EST,2022,64665.65
Ethiopia,ETH,2022,356412.09
European Union,EUU,2022,25651955.36
Fragile and conflict affected situations,FCS,2022,5505042.17
Finland,FIN,2022,347806.71
Fiji,FJI,2022,12583.63
France,FRA,2022,3914742.0
Faroe Islands,FRO,2022,4064.91
"Micronesia, Fed. Sts.",FSM,2022,465.11
Gabon,GAB,2022,50452.8
United Kingdom,GBR,2022,3847920.02
Georgia,GEO,2022,83318.89
Ghana,GHA,2022,238776.14
Gibraltar,GIB,2022,
Guinea,GIN,2022,56644.4
"Gambia, The",GMB,2022,8036.14
Guinea-Bissau,GNB,2022,5235.95
Equatorial Guinea,GNQ,2022,32845.24
Greece,GRC,2022,405841.49
Grenada,GRD,2022,2050.68
Greenland,GRL,2022,
Guatemala,GTM,2022,230852.98
Guam,GUM,2022,
Guyana,GUY,2022,32622.07
High income,HIC,2022,84084961.66
"Hong Kong SAR, China",HKG,2022,503557.81
Honduras,HND,2022,71153.02
Heavily indebted poor countries (HIPC),HPC,2022,2881670.75
Croatia,HRV,2022,163475.79
Haiti,HTI,2022,37527.5
Hungary,HUN,2022,420223.66
IBRD only,IBD,2022,89156319.48
IDA & IBRD total,IBT,2022,98136078.19
IDA total,IDA,2022,8997399.51
IDA blend,IDB,2022,3749789.25
Indonesia,IDN,2022,3979794.03
IDA only,IDX,2022,5269939.67
Isle of Man,IMN,2022,
India,IND,2022,13037380.6
Not classified,INX,2022,
Ireland,IRL,2022,686132.03
"Iran, Islamic Rep.",IRN,2022,1469165.93
Iraq,IRQ,2022,631827.46
Iceland,ISL,2022,28066.33
Israel,ISR,2022,498266.97
Italy,ITA,2022,3295256.34
Jamaica,JAM,2022,30609.45
Jordan,JOR,2022,111412.69
Japan,JPN,2022,5895687.81
Kazakhstan,KAZ,2022,718550.19
Kenya,KEN,2022,318875.2
Kyrgyz Republic,KGZ,2022,45841.71
Cambodia,KHM,2022,87237.68
Kiribati,KIR,2022,435.03
St. Kitts and Nevis,KNA,2022,1488.0
"Korea, Rep.",KOR,2022,2667437.7
Kuwait,KWT,2022,239832.58
Latin America & Caribbean (excluding high income),LAC,2022,11848912.63
Lao PDR,LAO,2022,66210.87
Lebanon,LBN,2022,70557.78
Liberia,LBR,2022,9081.81
Libya,LBY,2022,132758.23
St. Lucia,LCA,2022,4235.08
Latin America & Caribbean,LCN,2022,13665365.6
Least developed countries: UN classification,LDC,2022,4497895.46
Low income,LIC,2022,1618053.97
Liechtenstein,LIE,2022,
Sri Lanka,LKA,2022,314577.78
Lower middle income,LMC,2022,26024091.89
Low & middle income,LMY,2022,87657791.6
Lesotho,LSO,2022,6225.71
Late-demographic dividend,LTE,2022,56147475.44
Lithuania,LTU,2022,144405.88
Luxembourg,LUX,2022,95651.52
Latvia,LVA,2022,77254.91
"Macao SAR, China",MAC,2022,42593.03
St. Martin (French part),MAF,2022,
Morocco,MAR,2022,350115.35
Monaco,MCO,2022,
Moldova,MDA,2022,41388.46
Madagascar,MDG,2022,52761.64
Maldives,MDV,2022,11994.75
Mexico,MEX,2022,3042136.94
Marshall Islands,MHL,2022,294.06
Middle income,MIC,2022,86083331.47
North Macedonia,MKD,2022,44290.01
Mali,MLI,2022,58215.98
Malta,MLT,2022,31486.64
Myanmar,MMR,2022,307876.15
Montenegro,MNE,2022,17479.22
Mongolia,MNG,2022,56273.8
Mozambique,MOZ,2022,51615.4
Mauritania,MRT,2022,31470.58
Mauritius,MUS,2022,33557.55
Malawi,MWI,2022,37146.9
Malaysia,MYS,2022,1189205.79
North America,NAC,2022,28166744.02
Namibia,NAM,2022,30771.83
New Caledonia,NCL,2022,
Niger,NER,2022,46534.79
Nigeria,NGA,2022,1326367.51
Nicaragua,NIC,2022,52295.62
Netherlands,NLD,2022,1319463.05
Norway,NOR,2022,678063.49
Nepal,NPL,2022,151512.44
Nauru,NRU,2022,155.14
New Zealand,NZL,2022,267771.3
OECD members,OED,2022,77048754.29
Oman,OMN,2022,196499.12
Other small states,OSS,2022,418500.27
Pakistan,PAK,2022,1441438.13
Panama,PAN,2022,159456.55
Peru,PER,2022,557156.35
Philippines,PHL,2022,1153658.84
Palau,PLW,2022,303.38
Papua New Guinea,PNG,2022,44721.17
Poland,POL,2022,1720333.21
Pre-demographic dividend,PRE,2022,4541722.27
Puerto Rico,PRI,2022,146705.79
"Korea, Dem. People's Rep.",PRK,2022,
Portugal,PRT,2022,463068.37
Paraguay,PRY,2022,110422.35
West Bank and Gaza,PSE,2022,31059.37
Pacific island small states,PSS,2022,19546.81
Post-demographic dividend,PST,2022,68399174.38
French Polynesia,PYF,2022,
Qatar,QAT,2022,326445.75
Romania,ROU,2022,818510.73
Russian Federation,RUS,2022,6009067.72
Rwanda,RWA,2022,42227.58
South Asia,SAS,2022,16484948.61
Saudi Arabia,SAU,2022,1975238.12
Sudan,SDN,2022,165562.98
Senegal,SEN,2022,79875.38
Singapore,SGP,2022,799307.75
Solomon Islands,SLB,2022,2105.93
Sierra Leone,SLE,2022,15143.88
El Salvador,SLV,2022,74411.02
San Marino,SMR,2022,
Somalia,SOM,2022,27357.15
Serbia,SRB,2022,166993.89
South Sudan,SSD,2022,
Small states,SST,2022,520973.92
Sao Tome and Principe,STP,2022,1362.92
Suriname,SUR,2022,12398.72
Slovak Republic,SVK,2022,223011.94
Slovenia,SVN,2022,108306.57
Sweden,SWE,2022,714036.87
Eswatini,SWZ,2022,13082.59
Sint Maarten (Dutch part),SXM,2022,1979.13
Seychelles,SYC,2022,3662.31
Syrian Arab Republic,SYR,2022,
Turks and Caicos Islands,TCA,2022,1089.95
Chad,TCD,2022,33355.12
East Asia & Pacific (IDA & IBRD countries),TEA,2022,41657817.77
Europe & Central Asia (IDA & IBRD countries),TEC,2022,15086101.4
Togo,TGO,2022,25903.11
Thailand,THA,2022,1592663.44
Tajikistan,TJK,2022,45926.38
Turkmenistan,TKM,2022,
Latin America & the Caribbean (IDA & IBRD countries),TLA,2022,13281528.79
Timor-Leste,TLS,2022,7830.81
Tonga,TON,2022,749.75
South Asia (IDA & IBRD),TSA,2022,16484948.61
Trinidad and Tobago,TTO,2022,45793.74
Tunisia,TUN,2022,163760.45
Turkiye,TUR,2022,3259417.65
Tuvalu,TUV,2022,61.02
Tanzania,TZA,2022,238172.8
Uganda,UGA,2022,138000.2
Ukraine,UKR,2022,569240.08
Upper middle income,UMC,2022,60022842.56
Uruguay,URY,2022,112083.89
United States,USA,2022,25744108.0
Uzbekistan,UZB,2022,322342.38
St. Vincent and the Grenadines,VCT,2022,1875.74
"Venezuela, RB",VEN,2022,
British Virgin Islands,VGB,2022,
Virgin Islands (U.S.),VIR,2022,
Viet Nam,VNM,2022,1379647.94
Vanuatu,VUT,2022,1046.75
Samoa,WSM,2022,1347.01
Kosovo,XKX,2022,24646.16
"Yemen, Rep.",YEM,2022,
Zambia,ZMB,2022,77366.2
Zimbabwe,ZWE,2022,59746.8
Aruba,ABW,2023,
Afghanistan,AFG,2023,
Angola,AGO,2023,294960.93
Albania,ALB,2023,58750.96
Andorra,AND,2023,5733.3
United Arab Emirates,ARE,2023,798490.9
Argentina,ARG,2023,1369904.11
Armenia,ARM,2023,64044.99
American Samoa,ASM,2023,
Antigua and Barbuda,ATG,2023,2998.9
Australia,AUS,2023,1841115.99
Austria,AUT,2023,673525.6
Azerbaijan,AZE,2023,239521.31
Burundi,BDI,2023,12588.28
Belgium,BEL,2023,832972.05
Benin,BEN,2023,58256.36
Burkina Faso,BFA,2023,63405.46
Bangladesh,BGD,2023,1567951.79
Bulgaria,BGR,2023,248788.11
Bahrain,BHR,2023,94846.53
"Bahamas, The",BHS,2023,14670.73
Bosnia and Herzegovina,BIH,2023,73353.46
Belarus,BLR,2023,282246.39
Belize,BLZ,2023,5831.79
Bermuda,BMU,2023,
Bolivia,BOL,2023,132892.19
Brazil,BRA,2023,4454930.35
Barbados,BRB,2023,5458.62
Brunei Darussalam,BRN,2023,39118.74
Bhutan,BTN,2023,
Botswana,BWA,2023,51856.81
Canada,CAN,2023,2469314.35
Central Europe and the Baltics,CEB,2023,4833673.33
Switzerland,CHE,2023,822862.8
Channel Islands,CHI,2023,
Chile,CHL,2023,653360.98
China,CHN,2023,34643706.85
Cote d'Ivoire,CIV,2023,224945.64
Cameroon,CMR,2023,154126.99
"Congo, Dem. Rep.",COD,2023,170865.53
"Congo, Rep.",COG,2023,42338.55
Colombia,COL,2023,1122331.9
Comoros,COM,2023,3284.57
Cabo Verde,CPV,2023,5439.76
Costa Rica,CRI,2023,145693.14
Caribbean small states,CSS,2023,98750.67
Cuba,CUB,2023,
Curacao,CUW,2023,
Cayman Islands,CYM,2023,
Cyprus,CYP,2023,53033.14
Czechia,CZE,2023,585187.18
Germany,DEU,2023,5857856.2
Djibouti,DJI,2023,8187.08
Dominica,DMA,2023,1285.4
Denmark,DNK,2023,456059.28
Dominican Republic,DOM,2023,290243.21
Algeria,DZA,2023,776539.79
East Asia & Pacific (excluding high income),EAP,2023,45384439.39
Early-demographic dividend,EAR,2023,45656277.73
East Asia & Pacific,EAS,2023,59827593.27
Europe & Central Asia (excluding high income),ECA,2023,6906197.47
Europe & Central Asia,ECS,2023,45970683.66
Ecuador,ECU,2023,288687.74
"Egypt, Arab Rep.",EGY,2023,2120932.5
Euro area,EMU,2023,21927411.62
Eritrea,ERI,2023,
Spain,ESP,2023,2553107.62
Estonia,EST,2023,66932.48
Ethiopia,ETH,2023,393407.62
European Union,EUU,2023,27125247.09
Fragile and conflict affected situations,FCS,2023,5818952.63
Finland,FIN,2023,363315.98
Fiji,FJI,2023,14089.14
France,FRA,2023,4169071.15
Faroe Islands,FRO,2023,
"Micronesia, Fed. Sts.",FSM,2023,485.84
Gabon,GAB,2023,53475.29
United Kingdom,GBR,2023,4026241.43
Georgia,GEO,2023,92810.51
Ghana,GHA,2023,254767.26
Gibraltar,GIB,2023,
Guinea,GIN,2023,62855.1
"Gambia, The",GMB,2023,8770.16
Guinea-Bissau,GNB,2023,5657.34
Equatorial Guinea,GNQ,2023,32104.89
Greece,GRC,2023,426748.71
Grenada,GRD,2023,2227.65
Greenland,GRL,2023,
Guatemala,GTM,2023,247604.8
Guam,GUM,2023,
Guyana,GUY,2023,44974.52
High income,HIC,2023,88867950.94
"Hong Kong SAR, China",HKG,2023,538692.25
Honduras,HND,2023,76388.59
Heavily indebted poor countries (HIPC),HPC,2023,3112310.98
Croatia,HRV,2023,176899.0
Haiti,HTI,2023,38170.41
Hungary,HUN,2023,440579.52
IBRD only,IBD,2023,96944402.11
IDA & IBRD total,IBT,2023,106564127.54
IDA total,IDA,2023,9636607.14
IDA blend,IDB,2023,3976154.16
Indonesia,IDN,2023,4333084.5
IDA only,IDX,2023,5686663.48
Isle of Man,IMN,2023,
India,IND,2023,14537383.62
Not classified,INX,2023,
Ireland,IRL,2023,671603.05
"Iran, Islamic Rep.",IRN,2023,1598124.39
Iraq,IRQ,2023,635633.82
Iceland,ISL,2023,30530.45
Israel,ISR,2023,521339.47
Italy,ITA,2023,3452505.72
Jamaica,JAM,2023,32423.13
Jordan,JOR,2023,118493.88
Japan,JPN,2023,6251558.78
Kazakhstan,KAZ,2023,782723.12
Kenya,KEN,2023,348430.41
Kyrgyz Republic,KGZ,2023,50435.33
Cambodia,KHM,2023,95300.03
Kiribati,KIR,2023,470.21
St. Kitts and Nevis,KNA,2023,1595.15
"Korea, Rep.",KOR,2023,2794196.22
Kuwait,KWT,2023,243031.02
Latin America & Caribbean (excluding high income),LAC,2023,12556560.66
Lao PDR,LAO,2023,71194.7
Lebanon,LBN,2023,
Liberia,LBR,2023,9856.29
Libya,LBY,2023,135295.82
St. Lucia,LCA,2023,4529.47
Latin America & Caribbean,LCN,2023,14493678.88
Least developed countries: UN classification,LDC,2023,4848529.53
Low income,LIC,2023,1733702.79
Liechtenstein,LIE,2023,
Sri Lanka,LKA,2023,318551.48
Lower middle income,LMC,2023,28479010.89
Low & middle income,LMY,2023,95298435.29
Lesotho,LSO,2023,6510.59
Late-demographic dividend,LTE,2023,60623385.94
Lithuania,LTU,2023,148985.42
Luxembourg,LUX,2023,95838.97
Latvia,LVA,2023,79976.31
"Macao SAR, China",MAC,2023,79697.81
St. Martin (French part),MAF,2023,
Morocco,MAR,2023,374409.08
Monaco,MCO,2023,
Moldova,MDA,2023,43233.05
Madagascar,MDG,2023,56864.19
Maldives,MDV,2023,12925.86
Mexico,MEX,2023,3288671.33
Marshall Islands,MHL,2023,314.61
Middle income,MIC,2023,93607284.16
North Macedonia,MKD,2023,45068.91
Mali,MLI,2023,63497.59
Malta,MLT,2023,34545.83
Myanmar,MMR,2023,322296.34
Montenegro,MNE,2023,19234.82
Mongolia,MNG,2023,62421.13
Mozambique,MOZ,2023,56171.63
Mauritania,MRT,2023,33721.32
Mauritius,MUS,2023,37198.78
Malawi,MWI,2023,39093.68
Malaysia,MYS,2023,1277913.68
North America,NAC,2023,29837448.63
Namibia,NAM,2023,33220.23
New Caledonia,NCL,2023,
Niger,NER,2023,49436.76
Nigeria,NGA,2023,1414033.3
Nicaragua,NIC,2023,56678.67
Netherlands,NLD,2023,1398445.34
Norway,NOR,2023,576575.75
Nepal,NPL,2023,160101.24
Nauru,NRU,2023,161.93
New Zealand,NZL,2023,282620.9
OECD members,OED,2023,81653708.21
Oman,OMN,2023,206309.1
Other small states,OSS,2023,446968.19
Pakistan,PAK,2023,1493905.95
Panama,PAN,2023,177361.08
Peru,PER,2023,574287.56
Philippines,PHL,2023,1262021.93
Palau,PLW,2023,315.85
Papua New Guinea,PNG,2023,47593.93
Poland,POL,2023,1814628.51
Pre-demographic dividend,PRE,2023,4815225.86
Puerto Rico,PRI,2023,152910.06
"Korea, Dem. People's Rep.",PRK,2023,
Portugal,PRT,2023,513203.89
Paraguay,PRY,2023,119842.42
West Bank and Gaza,PSE,2023,30418.12
Pacific island small states,PSS,2023,21595.26
Post-demographic dividend,PST,2023,72277196.07
French Polynesia,PYF,2023,
Qatar,QAT,2023,
Romania,ROU,2023,912851.63
Russian Federation,RUS,2023,6452309.48
Rwanda,RWA,2023,47373.72
South Asia,SAS,2023,18198822.48
Saudi Arabia,SAU,2023,2031780.57
Sudan,SDN,2023,150925.74
Senegal,SEN,2023,85849.94
Singapore,SGP,2023,837348.5
Solomon Islands,SLB,2023,2247.08
Sierra Leone,SLE,2023,16234.37
El Salvador,SLV,2023,79831.08
San Marino,SMR,2023,
Somalia,SOM,2023,29234.14
Serbia,SRB,2023,181345.75
South Sudan,SSD,2023,
Small states,SST,2023,567691.75
Sao Tome and Principe,STP,2023,1405.89
Suriname,SUR,2023,13117.36
Slovak Republic,SVK,2023,242305.04
Slovenia,SVN,2023,116540.12
Sweden,SWE,2023,739741.23
Eswatini,SWZ,2023,14216.04
Sint Maarten (Dutch part),SXM,2023,2121.01
Seychelles,SYC,2023,3915.82
Syrian Arab Republic,SYR,2023,
Turks and Caicos Islands,TCA,2023,1143.24
Chad,TCD,2023,35996.04
East Asia & Pacific (IDA & IBRD countries),TEA,2023,45327959.4
Europe & Central Asia (IDA & IBRD countries),TEC,2023,16508094.41
Togo,TGO,2023,28567.63
Thailand,THA,2023,1681795.91
Tajikistan,TJK,2023,51551.23
Turkmenistan,TKM,2023,
Latin America & the Caribbean (IDA & IBRD countries),TLA,2023,14089347.11
Timor-Leste,TLS,2023,6950.88
Tonga,TON,2023,
South Asia (IDA & IBRD),TSA,2023,18198822.48
Trinidad and Tobago,TTO,2023,48461.19
Tunisia,TUN,2023,170448.56
Turkiye,TUR,2023,3767230.35
Tuvalu,TUV,2023,65.68
Tanzania,TZA,2023,259661.12
Uganda,UGA,2023,150513.46
Ukraine,UKR,2023,621258.26
Upper middle income,UMC,2023,65088125.26
Uruguay,URY,2023,116596.24
United States,USA,2023,27360935.0
Uzbekistan,UZB,2023,354100.42
St. Vincent and the Grenadines,VCT,2023,2061.07
"Venezuela, RB",VEN,2023,
British Virgin Islands,VGB,2023,
Virgin Islands (U.S.),VIR,2023,
Viet Nam,VNM,2023,1502096.77
Vanuatu,VUT,2023,1108.91
Samoa,WSM,2023,1507.69
Kosovo,XKX,2023,26397.16
"Yemen, Rep.",YEM,2023,
Zambia,ZMB,2023,84863.03
Zimbabwe,ZWE,2023,64993.42
